pdf_path,pdf_basename,policy_id,policy_level,policy_type,state_list,county_list,city_list,tribe_list,pages_seen,text_pages,toc_pages,figure_pages,form_pages,cover_pages,ocr_conf_mean,ocr_low_conf_ratio,headings_per_page_mean,final_chunks,median_chunk_tokens,p10_chunk_tokens,p90_chunk_tokens,small_chunk_ratio_lt220
/scratch/xt2284/pdf_data/data/New Mexico/County/820448de31__Chavez-County-Comprehensive-Plan.pdf,820448de31__Chavez-County-Comprehensive-Plan.pdf,820448de31d5bbcd5ce21b6eaa5e1d797c006036,County,Comprehensive Plan,"[""New Mexico""]","[""Chaves""]",[],[],136,134,0,2,0,0,0.9866349445948779,0.012952352669217012,4.0,45,1040.0,832.0,1175.6,0.0
/scratch/xt2284/pdf_data/data/New Mexico/County/8d80797193__hazard_mitigation.pdf,8d80797193__hazard_mitigation.pdf,8d8079719390b123b3356f77ac9f2bbcc4d063d7,County,Hazard Mitigation Plan,"[""New Mexico""]","[""Rio Arriba""]",[],[],241,241,0,0,0,0,0.9307545895174588,0.15409575704458467,,72,1040.0,640.3,1188.7,0.027777777777777776
/scratch/xt2284/pdf_data/data/New Mexico/County/8de116d061__Final_2022_Colfax_CWPP_signed.pdf,8de116d061__Final_2022_Colfax_CWPP_signed.pdf,8de116d0611cf37580780c6948300690e72b32cc,County,"Comprehensive Plan, Wildfire","[""New Mexico""]","[""Colfax""]",[],[],95,92,0,3,0,0,0.9838224769008577,0.01836793228028593,1.6101694915254237,42,591.5,290.0,1051.3,0.07142857142857142
/scratch/xt2284/pdf_data/data/New Mexico/County/a3865044f6__May%202025%20Torrance%20County%20New%20Mexico%20Local%20Hazard%20Mitigation%20Plan%20Update.pdf,a3865044f6__May%202025%20Torrance%20County%20New%20Mexico%20Local%20Hazard%20Mitigation%20Plan%20Update.pdf,a3865044f634225771fc47f56858900a18a1e775,County,Hazard Mitigation Plan,"[""New Mexico""]","[""Torrance""]",[],[],228,225,0,3,0,0,0.9835112835761081,0.01902827031027738,1.41,113,561.0,270.0,1069.0,0.02654867256637168
/scratch/xt2284/pdf_data/data/New Mexico/County/cd6e901ca8__McKinley-County-HMP-Final-10142014.pdf,cd6e901ca8__McKinley-County-HMP-Final-10142014.pdf,cd6e901ca89224dc8bb353cad6d543224ccc0f35,County,Comprehensive Plan,"[""New Mexico""]","[""McKinley""]",[],[],364,326,0,38,0,0,0.9760962529817443,0.03466450639398453,2.4011976047904193,140,471.5,257.1,1050.7,0.07857142857142857
/scratch/xt2284/pdf_data/data/New Mexico/County/ce32420426__DeBacaFinalCWPP2.pdf,ce32420426__DeBacaFinalCWPP2.pdf,ce32420426a8aaaa5980f662f15e6ce7fc66e7f7,County,Wildfire,"[""New Mexico""]","[""De Baca""]",[],[],177,166,0,11,0,0,0.9680926218551577,0.05812279193679587,2.15625,76,401.0,198.5,703.0,0.13157894736842105
/scratch/xt2284/pdf_data/data/New Mexico/County/d42f4eb031__20210812_CibolaEISVol3-WEB-508.pdf,d42f4eb031__20210812_CibolaEISVol3-WEB-508.pdf,d42f4eb031c08c970d8eec8632555eb18ac51092,County,Environmental Programs,"[""New Mexico""]","[""Cibola""]",[],[],203,201,0,2,0,0,0.9922216989384913,0.0008115919531680784,1.1953125,108,754.0,642.7,1170.6,0.0
/scratch/xt2284/pdf_data/data/New Mexico/County/e543260c36__Curry-Action-Plan.pdf,e543260c36__Curry-Action-Plan.pdf,e543260c36cb4bb3ee65089d5d87cba81640843f,County,nan,"[""New Mexico""]","[""Curry""]",[],[],71,62,0,9,0,0,0.9910955910660325,0.0014007542522896945,0.8135593220338984,37,409.0,253.2,737.8,0.02702702702702703
/scratch/xt2284/pdf_data/data/New Mexico/County/f56ad91ff3__Hidalgo-Comp-Plan-Dec_2011.pdf,f56ad91ff3__Hidalgo-Comp-Plan-Dec_2011.pdf,f56ad91ff35ba820ef49beeae05c9ea11aeec23f,County,Comprehensive Plan,"[""New Mexico""]","[""Hidalgo""]",[],[],129,127,0,2,0,0,0.9853124498449541,0.01492995513140672,2.4649122807017543,64,364.0,231.0,859.6000000000003,0.0625
/scratch/xt2284/pdf_data/data/New Mexico/Tribe/067ee46c19__pueblo-of-tesuque-pcap.pdf,067ee46c19__pueblo-of-tesuque-pcap.pdf,067ee46c19775492e21def1f8050da6821a42593,Tribe,Climate,"[""New Mexico""]","[""Santa Fe""]",[],"[""Tesuque Pueblo""]",96,95,0,1,0,0,0.9895380504146335,0.009200202657650057,1.9666666666666666,30,425.5,279.8,1029.0,0.03333333333333333
/scratch/xt2284/pdf_data/data/New Mexico/Tribe/0eeaa65ff4__pueblo-of-sandia-pcap.pdf,0eeaa65ff4__pueblo-of-sandia-pcap.pdf,0eeaa65ff4fdeb8d9b03a065d4b6ddbacd81be9d,Tribe,Climate,"[""New Mexico""]","[""Sandoval""]",[],"[""Sandia Pueblo""]",41,40,0,1,0,0,0.9903541042182546,0.005257059264262413,1.4242424242424243,14,436.5,263.3,846.5000000000001,0.07142857142857142
/scratch/xt2284/pdf_data/data/New Mexico/Tribe/22b520dec6__picuris_pueblo_hammond_sand2022-16653.pdf,22b520dec6__picuris_pueblo_hammond_sand2022-16653.pdf,22b520dec691933d4f21db7b6a8390aed977fb5d,Tribe,Energy,"[""New Mexico""]","[""Taos""]",[],"[""Picuris Pueblo""]",24,21,0,3,0,0,0.9783944339598758,0.03608436187471443,1.1176470588235294,14,336.5,147.5,431.1,0.2857142857142857
/scratch/xt2284/pdf_data/data/New Mexico/Tribe/26a7f60261__zia_pueblo_final_report_ee0005628.pdf,26a7f60261__zia_pueblo_final_report_ee0005628.pdf,26a7f602615b98b6f5d1619b71b88f377117c65f,Tribe,Energy,"[""New Mexico""]","[""Sandoval""]",[],"[""Zia Pueblo""]",256,246,0,10,0,0,0.9843438535238427,0.016102276972965766,1.7,109,494.0,227.4,1076.2,0.09174311926605505
/scratch/xt2284/pdf_data/data/New Mexico/Tribe/4810c9cfd6__IFD-Isleta-HMP-FInal-Draft-6-9-2022-2.pdf,4810c9cfd6__IFD-Isleta-HMP-FInal-Draft-6-9-2022-2.pdf,4810c9cfd613ae84c0bfd6eecc45a5f84654e2c8,Tribe,Hazard Mitigation Plan,"[""New Mexico""]","[""Valencia"", ""Bernalillo""]",[],"[""Isleta Pueblo""]",52,47,0,4,0,1,0.9786507957985207,0.03303441570113679,1.56,20,430.0,206.1,1086.0,0.15
/scratch/xt2284/pdf_data/data/New Mexico/Tribe/5abc0f2a17__acoma-wqs.pdf,5abc0f2a17__acoma-wqs.pdf,5abc0f2a17a4063ad73a52ec55d7023a7e3fb2cd,Tribe,Water,"[""New Mexico""]","[""Cibola""]",[],"[""Acoma Pueblo""]",60,53,0,6,0,1,0.9776224956891953,0.027372442082737654,1.3409090909090908,22,692.0,327.3,1067.8000000000002,0.045454545454545456
/scratch/xt2284/pdf_data/data/New Mexico/Tribe/80aae511fc__Navajo Nation Community Leaders Climate Change report.pdf,80aae511fc__Navajo Nation Community Leaders Climate Change report.pdf,80aae511fc06786e66dbff5ef3933640398d1d40,Tribe,Climate,"[""New Mexico""]","[""E-Bernalillo"", ""G-Cibola"", ""L-Socorro"", ""D-Sandoval"", ""B-Rio Arriba"", ""H-McKinley"", ""K-San Juan""]",[],"[""Navajo Nation E"", ""G"", ""D"", ""B"", ""K"", ""L"", ""H""]",58,52,0,6,0,0,0.9821801209210202,0.014334210728161345,1.2222222222222223,19,543.0,207.0,1092.3999999999999,0.15789473684210525
/scratch/xt2284/pdf_data/data/Oklahoma/City/11 Environment.pdf,11 Environment.pdf,35a4331e664795716a4a94879daf333eaa6e1aa3,City,nan,"[""Oklahoma""]",[],"[""Duncan City""]",[],7,6,0,1,0,0,0.9887261393347899,0.006211180124223602,1.6666666666666667,4,396.5,331.8,506.0,0.0
/scratch/xt2284/pdf_data/data/Oklahoma/City/2016-06-03 Ardmore HMP.pdf,2016-06-03 Ardmore HMP.pdf,9d4862647cb16589bd97ea161626621d819cc491,City,nan,"[""Oklahoma""]",[],"[""Ardmore City""]",[],303,298,0,5,0,0,0.978854186487429,0.030071505511580537,1.6379310344827587,68,817.5,281.8,1155.3,0.014705882352941176
/scratch/xt2284/pdf_data/data/Oklahoma/City/20a0910ebd__Tulsa MSA-PCAP.pdf,20a0910ebd__Tulsa MSA-PCAP.pdf,20a0910ebd3c8aafcfaa1ada7f8ad6413354681c,City,Climate Change,"[""Oklahoma""]","[""Tulsa""]","[""Tulsa City""]",[],37,36,0,1,0,0,0.9861701972434265,0.01050064112512841,1.3333333333333333,14,732.0,220.8,1182.0,0.14285714285714285
/scratch/xt2284/pdf_data/data/Oklahoma/City/5a41cf6e0e__2021 Altus AFB INRMP_1.pdf,5a41cf6e0e__2021 Altus AFB INRMP_1.pdf,5a41cf6e0ecd633a982e1fb25fdf1b46f890751b,City,nan,"[""Oklahoma""]",[],"[""Altus City""]",[],156,155,0,1,0,0,0.9869881984743307,0.008674185390956575,2.229357798165138,63,511.0,267.6,1038.4000000000003,0.031746031746031744
/scratch/xt2284/pdf_data/data/Oklahoma/City/62f446f223__1.pdf,62f446f223__1.pdf,62f446f22334012d0bcdce2454e388fc79571bb0,City,nan,"[""Oklahoma""]",[],"[""McAlester City""]",[],485,479,0,6,0,0,0.9695889619296226,0.057539698837534715,1.3308550185873607,221,540.0,305.0,1053.0,0.01809954751131222
/scratch/xt2284/pdf_data/data/Oklahoma/City/Dolese Stormwater Detention Basin Emergency Action Plan (PDF).pdf,Dolese Stormwater Detention Basin Emergency Action Plan (PDF).pdf,00d2022e1ebc9dfd77125c99dd14bc7e835c8f04,City,nan,"[""Oklahoma""]",[],"[""Lawton City""]",[],57,53,0,3,1,0,0.9680292490226935,0.05882020636025213,1.5862068965517242,19,429.0,227.6,596.0,0.10526315789473684
/scratch/xt2284/pdf_data/data/Oklahoma/City/EOP2019_202006111526363860.pdf,EOP2019_202006111526363860.pdf,1691c508acd2b956e38ab4c2bd30b9522a21c5c2,City,nan,"[""Oklahoma""]",[],"[""Sand Springs City""]",[],195,188,0,5,1,1,0.9856964815393879,0.01843920353110416,2.179190751445087,59,373.0,217.4,718.2000000000003,0.1016949152542373
/scratch/xt2284/pdf_data/data/Oklahoma/City/Low Impact Development Manual 2010.PDF,Low Impact Development Manual 2010.PDF,f687a1308916ba76374a2465a2c5c230ea4b8c06,City,nan,"[""Oklahoma""]",[],"[""Broken Arrow City""]",[],56,55,0,0,0,1,0.9902881336782655,0.009191951589867303,1.471698113207547,37,297.0,244.0,497.6,0.05405405405405406
/scratch/xt2284/pdf_data/data/Oklahoma/City/hazard-mitigation-plan-2020-final-20200514.pdf,hazard-mitigation-plan-2020-final-20200514.pdf,051faa0867d95743674f1ef75c1c9d5935c2e54d,City,nan,"[""Oklahoma""]",[],"[""Moore City""]",[],157,146,0,10,1,0,0.9823282343195051,0.014344264346422308,1.2638888888888888,62,477.0,90.10000000000001,1013.0,0.16129032258064516
/scratch/xt2284/pdf_data/data/Oklahoma/County/04d2f3fe44__HazardMitigationPlan.pdf,04d2f3fe44__HazardMitigationPlan.pdf,04d2f3fe44c57289a97c1837c2a31201fdad880d,County,nan,"[""Oklahoma""]","[""Pontotoc""]",[],[],307,301,0,6,0,0,0.976263334211684,0.03302483647071832,2.006060606060606,111,443.0,223.0,1014.0,0.09009009009009009
/scratch/xt2284/pdf_data/data/Oklahoma/County/051faa0867__McClain-County-Hazard-Mitigation-Plan-2021.pdf,051faa0867__McClain-County-Hazard-Mitigation-Plan-2021.pdf,051faa0867d95743674f1ef75c1c9d5935c2e54d,County,nan,"[""Oklahoma""]","[""McClain""]",[],[],203,186,0,17,0,0,0.9788454864216777,0.02345083187023334,1.7230769230769232,60,831.0,291.90000000000003,1175.4,0.016666666666666666
/scratch/xt2284/pdf_data/data/Oklahoma/County/10e62a2fdf__2024-2029 Jackson County HMP FINAL.pdf,10e62a2fdf__2024-2029 Jackson County HMP FINAL.pdf,10e62a2fdf87fb27059fe78a55b1e49da307c0de,County,nan,"[""Oklahoma""]","[""Jackson""]",[],[],228,227,1,0,0,0,0.9726884284959469,0.04051337499224834,3.2142857142857144,55,1006.0,807.0,1142.0,0.03636363636363636
/scratch/xt2284/pdf_data/data/Oklahoma/County/1f913afdf3__Climate_Miami.pdf,1f913afdf3__Climate_Miami.pdf,1f913afdf3dcb30fc15892977120adfc62c1ac37,County,nan,"[""Oklahoma""]","[""Ottawa""]",[],[],17,17,0,0,0,0,0.9879645534422883,0.011060192405881367,,7,839.0,691.6,1119.6,0.0
/scratch/xt2284/pdf_data/data/Oklahoma/County/42fc4cbfca__Murray-County-AHMP.pdf,42fc4cbfca__Murray-County-AHMP.pdf,42fc4cbfca7175be9b4e11b1adc7cb7316209e93,County,nan,"[""Oklahoma""]","[""Murray""]",[],[],151,144,0,6,0,1,0.969704651086858,0.056720698390103574,1.5905511811023623,85,373.0,280.0,741.0000000000005,0.023529411764705882
/scratch/xt2284/pdf_data/data/Oklahoma/County/457d5036d2__60a4c07d351ec85298a81a760509f5633db7f0ad.pdf,457d5036d2__60a4c07d351ec85298a81a760509f5633db7f0ad.pdf,457d5036d204d7dd867b46b06ffead963fdcb843,County,nan,"[""Oklahoma""]","[""Logan""]",[],[],144,130,0,14,0,0,0.9796225154811348,0.026294797019187535,2.027027027027027,38,400.0,282.2,1162.2,0.05263157894736842
/scratch/xt2284/pdf_data/data/Oklahoma/County/480987ecd9__beaver-county-climate-resilience-express-action-plan.pdf,480987ecd9__beaver-county-climate-resilience-express-action-plan.pdf,480987ecd98ee9dc4ec6f5d66e181eb902a78370,County,nan,"[""Oklahoma""]","[""Beaver""]",[],[],47,45,0,2,0,0,0.9806919166066116,0.023522132683661275,1.4583333333333333,19,428.0,106.0,933.1999999999999,0.2631578947368421
/scratch/xt2284/pdf_data/data/Oklahoma/County/52be878317__Beaver-County-Hazard-Mitigation-Plan.pdf,52be878317__Beaver-County-Hazard-Mitigation-Plan.pdf,52be878317afc468d568ab259ddc14cbd201f3bd,County,nan,"[""Oklahoma""]","[""Beaver""]",[],[],108,108,0,0,0,0,0.9750249670094888,0.04294235999351272,1.2941176470588236,43,499.0,299.2,1119.2,0.023255813953488372
/scratch/xt2284/pdf_data/data/Oklahoma/County/65d6821463__EufaulaDraftEAtoSMPSupplement.pdf,65d6821463__EufaulaDraftEAtoSMPSupplement.pdf,65d6821463958fc757faa662b7f21f7533f1c348,County,nan,"[""Oklahoma""]","[""Latimer"", ""McIntosh"", ""Muskogee"", ""Okmulgee"", ""Osage""]",[],[],130,122,0,8,0,0,0.9887601928042432,0.006349655287132601,1.9591836734693877,56,430.0,223.5,923.0,0.10714285714285714
/scratch/xt2284/pdf_data/data/Oklahoma/County/747f08519a__idc1-030671.pdf,747f08519a__idc1-030671.pdf,747f08519a5b466e92e5953a7802887c5d1bac50,County,nan,"[""Oklahoma""]","[""Osage""]",[],[],558,524,0,32,2,0,0.9332256904820199,0.14646098731374665,1.908256880733945,175,474.0,207.0,980.4,0.12
/scratch/xt2284/pdf_data/data/Oklahoma/County/88fe449f1b__HARPER-CO-HMPU-FINAL.pdf,88fe449f1b__HARPER-CO-HMPU-FINAL.pdf,88fe449f1bde26c9aa1108ab8efa22d629c9c94c,County,nan,"[""Oklahoma""]","[""Harper""]",[],[],106,105,0,1,0,0,0.9761482141888406,0.042506610318131,1.4523809523809523,46,431.0,269.0,1067.0,0.06521739130434782
/scratch/xt2284/pdf_data/data/Oklahoma/County/8e53b1bca8__Osage-HMP-Draft-2018-web.pdf,8e53b1bca8__Osage-HMP-Draft-2018-web.pdf,8e53b1bca8b63130353f8b5f50c33cc39078bdfb,County,nan,"[""Oklahoma""]","[""Osage""]",[],[],453,443,0,10,0,0,0.970998921799094,0.0535434490064129,2.1228070175438596,149,604.0,261.0,1104.6000000000004,0.03355704697986577
/scratch/xt2284/pdf_data/data/Oklahoma/County/9715965f8d__Kaw_Draft_MasterPlan_08DEC2025.pdf,9715965f8d__Kaw_Draft_MasterPlan_08DEC2025.pdf,9715965f8d62d2dd35d68c8c95a1aa3b13c42ced,County,nan,"[""Oklahoma""]","[""Kay""]",[],[],388,371,0,17,0,0,0.9846573338059731,0.012474844078295818,1.8859649122807018,122,557.5,266.7,1110.9,0.04918032786885246
/scratch/xt2284/pdf_data/data/Oklahoma/County/988a445ca5__Cleveland Co. HazMit FINAL 05272020red.pdf,988a445ca5__Cleveland Co. HazMit FINAL 05272020red.pdf,988a445ca56464eff5e4d6f2755f92fd113029f9,County,nan,"[""Oklahoma""]","[""Cleveland""]",[],[],161,159,0,2,0,0,0.9686347245770311,0.05298542394811226,1.0476190476190477,46,502.5,234.0,1096.5,0.08695652173913043
/scratch/xt2284/pdf_data/data/Oklahoma/County/9c35990a27__Washita_County_Updated_Plan__wecompress.com_.pdf,9c35990a27__Washita_County_Updated_Plan__wecompress.com_.pdf,9c35990a272f1eab566d9403bfd2d6345c44f3a8,County,nan,"[""Oklahoma""]","[""Washita""]",[],[],146,146,0,0,0,0,0.9533425119254505,0.081885876130488,2.0806451612903225,47,465.0,234.8,1071.8,0.06382978723404255
/scratch/xt2284/pdf_data/data/Oklahoma/County/Canadian_County_Hazard_Mitigation_Plan.pdf,Canadian_County_Hazard_Mitigation_Plan.pdf,f3e01f20c2487b3447d5291291d9259a73397a44,County,nan,"[""Oklahoma""]","[""Canadian""]",[],[],355,337,0,18,0,0,0.9767640296072491,0.032621106882232145,1.7272727272727273,162,624.0,290.3,1134.8,0.018518518518518517
/scratch/xt2284/pdf_data/data/Oklahoma/County/Carter_County_2018_HMP_Public.pdf,Carter_County_2018_HMP_Public.pdf,f3e01f20c2487b3447d5291291d9259a73397a44,County,nan,"[""Oklahoma""]","[""Carter""]",[],[],95,82,3,10,0,0,0.9789370633611111,0.03288962060966724,1.3,35,506.0,215.20000000000002,1178.6,0.11428571428571428
/scratch/xt2284/pdf_data/data/Oklahoma/County/Cotton County Natural hazard mitigation plan.pdf,Cotton County Natural hazard mitigation plan.pdf,5647696d7b0fa2963dd43e40d632abf159790865,County,nan,"[""Oklahoma""]","[""Cotton""]",[],[],123,121,0,1,1,0,0.9584768472379758,0.03618680604437225,1.2435897435897436,43,512.0,301.0,1117.4000000000003,0.06976744186046512
/scratch/xt2284/pdf_data/data/Oklahoma/County/Flood Damage Prevention Ordinance (PDF)_1.pdf,Flood Damage Prevention Ordinance (PDF)_1.pdf,0fc347856e243830d90e3c9c9aaad0b984b1c911,County,nan,"[""Oklahoma""]","[""Rogers""]",[],[],17,17,0,0,0,0,0.9822172245080493,0.014472382234154462,4.0,7,961.0,800.2,1037.6000000000001,0.0
/scratch/xt2284/pdf_data/data/Oklahoma/County/Persica Solar CUP Responses.pdf,Persica Solar CUP Responses.pdf,d374ed8b3c4209b0cdaed2987992c6ed77a5409c,County,nan,"[""Oklahoma""]","[""Wagoner""]",[],[],25,24,0,0,0,1,0.9863509499594639,0.0073780487804878045,1.2083333333333333,12,387.5,218.0,889.6000000000001,0.16666666666666666
/scratch/xt2284/pdf_data/data/Oklahoma/County/Tillman County Natural hazard mitigation plan.pdf,Tillman County Natural hazard mitigation plan.pdf,43768be949bd4f714c28342a1cc35c53d13c5119,County,nan,"[""Oklahoma""]","[""Tillman""]",[],[],124,122,0,1,1,0,0.9606377124197343,0.02606380509512919,1.2325581395348837,52,564.0,237.2,1104.4,0.0
/scratch/xt2284/pdf_data/data/Oklahoma/County/b0c9b6849e__OK CO HMP 2024 Web.pdf,b0c9b6849e__OK CO HMP 2024 Web.pdf,b0c9b6849e1b157948ea7a2e44612ae4f0c06e05,County,nan,"[""Oklahoma""]","[""Oklahoma""]",[],[],488,480,0,7,1,0,0.9845750419545919,0.017334664657073486,2.3262711864406778,188,455.5,269.7,1035.2000000000003,0.031914893617021274
/scratch/xt2284/pdf_data/data/Oklahoma/County/c4298003b9__2022-03-07.2_1623.pdf,c4298003b9__2022-03-07.2_1623.pdf,c4298003b9ffb9896888123edcf287f822b6f683,County,nan,"[""Oklahoma""]","[""Pittsburg""]",[],[],125,91,0,34,0,0,0.9859077771442827,0.008226282554513957,2.0784313725490198,21,942.0,327.0,1176.0,0.0
/scratch/xt2284/pdf_data/data/Oklahoma/County/dd4068fa77__SEMINOLE COUNTY FLOOD DAMAGE PREVENTION ORDINANCES AND PERMIT APPLICATION.pdf,dd4068fa77__SEMINOLE COUNTY FLOOD DAMAGE PREVENTION ORDINANCES AND PERMIT APPLICATION.pdf,dd4068fa775a86455670ad5e6e33bddf5d25c24c,County,nan,"[""Oklahoma""]","[""Seminole""]",[],[],34,31,0,2,1,0,0.9884340379684682,0.008332328397803878,2.096774193548387,14,459.5,220.6,863.2000000000004,0.14285714285714285
/scratch/xt2284/pdf_data/data/Oklahoma/County/f9ca655577__Tri-State_Mining_RP-Cherokee_County_12-2008.pdf,f9ca655577__Tri-State_Mining_RP-Cherokee_County_12-2008.pdf,f9ca655577ad5ffcdb36813683153565d5de0379,County,nan,"[""Oklahoma""]","[""Cherokee""]",[],[],152,141,4,7,0,0,0.9783725907788473,0.03778153579298347,0.9056603773584906,71,590.0,288.0,1010.0,0.014084507042253521
/scratch/xt2284/pdf_data/data/Oklahoma/Federal-Tribal Collab/a3c00be275__EvaluationReport_SouthCentralCASC-TribalEngagement_Feb2024.pdf,a3c00be275__EvaluationReport_SouthCentralCASC-TribalEngagement_Feb2024.pdf,a3c00be2759be644a949311f14838eb418b7706f,Federal-Tribal Collab,Climate Adaptation,"[""Oklahoma""]",[],[],[],42,42,0,0,0,0,0.9906300613709046,0.00436992104296489,0.9428571428571428,33,696.0,540.0,852.8,0.030303030303030304
/scratch/xt2284/pdf_data/data/Oklahoma/Federal-Tribal Collab/cpn_climate_change_vulnerability_assessment_final_5.13.2016.pdf,cpn_climate_change_vulnerability_assessment_final_5.13.2016.pdf,9bab3014242a1a521d4a8964e9c4a959d724b4cb,Federal-Tribal Collab,Climate Adaptation / Vulnerability Assessment,"[""Oklahoma""]",[],[],[],123,108,0,14,0,1,0.9912206437387703,0.006853852029949072,0.9166666666666666,35,515.0,267.6,1003.4000000000001,0.0
/scratch/xt2284/pdf_data/data/Oklahoma/Federal/02bc95d3e1__clean-water-act-section-106-tribal-guidance.pdf,02bc95d3e1__clean-water-act-section-106-tribal-guidance.pdf,02bc95d3e1e456cd30291bc78eb94622116e0b20,Federal,Water Quality / Environmental Monitoring,"[""Oklahoma""]",[],[],[],180,177,0,3,0,0,0.9877014595425284,0.009524670349102241,1.707142857142857,78,523.5,270.1,1061.6,0.038461538461538464
/scratch/xt2284/pdf_data/data/Oklahoma/Federal/86fcabd929__bh508-R06 EPA CAIP_Submitted_October2022_508.pdf,86fcabd929__bh508-R06 EPA CAIP_Submitted_October2022_508.pdf,86fcabd929460d0f5cae0a6af70d1284740c2cd4,Federal,nan,"[""Oklahoma""]",[],[],[],62,59,0,2,0,1,0.9895235256730317,0.007837062912245224,2.048780487804878,30,516.0,221.2,1076.4,0.1
/scratch/xt2284/pdf_data/data/Oklahoma/Federal/Fostering Partnerships to Design and Implement a Drought Contingency Plan in the Arbuckle-Simpson Aquifer.pdf,Fostering Partnerships to Design and Implement a Drought Contingency Plan in the Arbuckle-Simpson Aquifer.pdf,5157614ad73a844958190f316af3b678891656f7,Federal,nan,"[""Oklahoma""]",[],[],[],7,7,0,0,0,0,0.9755518644406249,0.041606687807295706,1.5,4,476.5,347.6,500.4,0.0
/scratch/xt2284/pdf_data/data/Oklahoma/Federal/e55665769b__Arguello_Report_SAND_SAND2023-09029.pdf,e55665769b__Arguello_Report_SAND_SAND2023-09029.pdf,e55665769bff28dcc6bd88dcca5a80075d1b7f71,Federal,Energy / Climate & Renewable Energy Strategy,"[""Oklahoma""]","[""Hughes""]","[""Wetumka City""]","[""Alabama-Quassarte Tribal Town""]",37,30,0,7,0,0,0.9880087612336341,0.007783555110991158,0.8260869565217391,15,326.0,265.2,716.9999999999999,0.06666666666666667
/scratch/xt2284/pdf_data/data/Oklahoma/Federal/eddd2209c5__GAP-guidance.pdf,eddd2209c5__GAP-guidance.pdf,eddd2209c56de0c5ae38ffdb17d69d732b21c703,Federal,Environmental / Tribal Capacity Building,"[""Oklahoma""]","[""Caddo""]","[""Apache City""]","[""Fort Sill Apache Tribe of Oklahoma""]",99,96,0,0,1,2,0.9921608942180487,0.0015022015022015023,1.4505494505494505,46,540.0,316.0,1093.0,0.043478260869565216
/scratch/xt2284/pdf_data/data/Oklahoma/Federal/ef9b6a8603__cno-water-settlement-agreement.pdf,ef9b6a8603__cno-water-settlement-agreement.pdf,ef9b6a8603398b23f9ad24e62c6ab0bb8f3b3976,Federal,Water Rights / Water Resource Management,"[""Oklahoma""]",[],[],[],94,87,0,7,0,0,0.991321732487028,0.00877106175002114,1.3333333333333333,28,1042.5,865.3000000000001,1131.2,0.07142857142857142
/scratch/xt2284/pdf_data/data/Oklahoma/Federal/f21e659125__AL-FEMA-Prototype-2014-PA-Section-106.pdf,f21e659125__AL-FEMA-Prototype-2014-PA-Section-106.pdf,f21e659125e98cafb06b68b4bbb7462a3eb31933,Federal,Disaster Response / Hazard Mitigation / Climate Resilience,"[""Oklahoma""]",[],[],[],77,75,0,2,0,0,0.978674208148235,0.013426900365624477,0.9577464788732394,32,681.5,252.8,1105.4,0.0
/scratch/xt2284/pdf_data/data/Oklahoma/Federal/f4a4fa8c07__ira-caa-grant-application-guidance.pdf,f4a4fa8c07__ira-caa-grant-application-guidance.pdf,f4a4fa8c07a9f3b235c450c6c76bbe8e95aa537b,Federal,Air quality,"[""Oklahoma""]","[""Caddo""]","[""Anadarko City""]","[""Delaware Nations""]",12,12,0,0,0,0,0.9830311071442076,0.029223146955705093,1.9,7,342.0,178.60000000000002,562.2000000000002,0.14285714285714285
/scratch/xt2284/pdf_data/data/Oklahoma/State/16edb1ae11__oklahoma-cprg-priority-action-plan.pdf,16edb1ae11__oklahoma-cprg-priority-action-plan.pdf,16edb1ae1145fb6177726da7449a7a090b28f684,State,Climate Action Plan,"[""Oklahoma""]",[],[],[],266,254,0,12,0,0,0.984112997624269,0.020369290687832324,2.0205479452054793,98,483.5,269.2,1095.4,0.05102040816326531
/scratch/xt2284/pdf_data/data/Oklahoma/State/4a42d18c44__Oklahoma-Energy-Security-Plan.pdf,4a42d18c44__Oklahoma-Energy-Security-Plan.pdf,4a42d18c44ac53ed77db2025e3a7c69d2a0c09e1,State,nan,"[""Oklahoma""]",[],[],[],264,260,0,4,0,0,0.9873039700667903,0.005648232780391426,1.5069767441860464,120,529.0,263.7,1033.2,0.05
/scratch/xt2284/pdf_data/data/Oklahoma/State/4f65913ec8__SHMP 2024.pdf,4f65913ec8__SHMP 2024.pdf,4f65913ec84998c9e27733d9aaaa65229fd8c610,State,Hazard Mitigation Plan,"[""Oklahoma""]",[],[],[],352,344,0,8,0,0,0.9865058095930014,0.01183397555021836,1.854054054054054,121,567.0,293.0,1089.0,0.049586776859504134
/scratch/xt2284/pdf_data/data/Oklahoma/State/66e82b6ecc__Forest-Action-Plan-2020.pdf,66e82b6ecc__Forest-Action-Plan-2020.pdf,66e82b6ecc60cf856db58a94ed0efdadcb4663ae,State,nan,"[""Oklahoma""]",[],[],[],209,197,0,12,0,0,0.984630445277457,0.015182994142847258,1.1363636363636365,100,704.0,231.5,1117.2,0.1
/scratch/xt2284/pdf_data/data/Oklahoma/State/97238f3945__CDBG-DR-2022-Action-Plan-SA1.pdf,97238f3945__CDBG-DR-2022-Action-Plan-SA1.pdf,97238f39455d83e7a894112f5e9113cb02d0c6a2,State,nan,"[""Oklahoma""]",[],[],[],118,115,0,3,0,0,0.9846625370909939,0.01086306491260019,1.4375,51,690.0,358.0,1109.0,0.0
/scratch/xt2284/pdf_data/data/Oklahoma/State/d7945159b3__CDBG-DR-Action-Plan-93.7-Million.pdf,d7945159b3__CDBG-DR-Action-Plan-93.7-Million.pdf,d7945159b371cdc8badcb5c8b6803997f566fdcb,State,nan,"[""Oklahoma""]",[],[],[],320,304,0,12,3,1,0.9861324475570017,0.011488988947623608,1.4959016393442623,137,492.0,233.0,976.6,0.072992700729927
/scratch/xt2284/pdf_data/data/Oklahoma/Tribe/0664da1088__20230531-Hazard-Mitigation-Plan.pdf,0664da1088__20230531-Hazard-Mitigation-Plan.pdf,0664da1088bb1cb26656b62063fea433efa36809,Tribe,Hazard Mitigation Plan,"[""Oklahoma""]",[],[],[],243,242,1,0,0,0,0.9867179118206658,0.012303116871895569,2.039772727272727,124,516.0,275.3,961.0,0.03225806451612903
/scratch/xt2284/pdf_data/data/Oklahoma/Tribe/2e107e5a09__Creek_County_MHMP_Draft.pdf,2e107e5a09__Creek_County_MHMP_Draft.pdf,2e107e5a0925a48984fd0ece2f4bd2e2cce2dce8,Tribe,Hazard Mitigation Plan,"[""Oklahoma""]","[""Kay"", ""Creek""]","[""Kaw City""]","[""Kaw Nation""]",164,157,0,6,1,0,0.9796944633968719,0.037099920121795124,2.1574074074074074,65,483.0,223.20000000000002,961.6,0.1076923076923077
/scratch/xt2284/pdf_data/data/Oklahoma/Tribe/575022b4bb__25-01-16_KTO_PCAP_Final.pdf,575022b4bb__25-01-16_KTO_PCAP_Final.pdf,575022b4bb831533322c49632f7c5a6759547dc8,Tribe,Climate Adaptation / GHG Reduction / Strategic Planning,"[""Oklahoma""]","[""Pottawatomie"", ""Lincoln"", ""Oklahoma""]","[""McLoud City""]","[""Kickapoo Tribe""]",70,64,0,6,0,0,0.9848574373033641,0.011215591465787756,1.7380952380952381,23,591.0,285.0,1150.2,0.043478260869565216
/scratch/xt2284/pdf_data/data/Oklahoma/Tribe/5e985facdb__priority-climate-action-plan.pdf,5e985facdb__priority-climate-action-plan.pdf,5e985facdb5b7ea9b8e40309757f97a203b3e25c,Tribe,Climate / GHG Reduction / Strategic Planning,"[""Oklahoma""]",[],[],"[""Choctaw Nation""]",38,36,0,1,0,1,0.9263311374922828,0.16275151524911802,1.4444444444444444,13,428.0,211.20000000000002,1025.6000000000001,0.15384615384615385
/scratch/xt2284/pdf_data/data/Oklahoma/Tribe/6622d84ba7__Climate-Adaptation-Plan-and-Vulnerability-Assessment-01-2026.pdf,6622d84ba7__Climate-Adaptation-Plan-and-Vulnerability-Assessment-01-2026.pdf,6622d84ba7bf4f8c2cbbbda2baa61c8c8f7958de,Tribe,Climate Adaptation,"[""Oklahoma""]",[],[],"[""Delaware Tribe of Indians""]",50,49,0,1,0,0,0.982079158936663,0.018941812235513306,1.1388888888888888,20,477.0,248.3,1088.8000000000002,0.1
/scratch/xt2284/pdf_data/data/Oklahoma/Tribe/7a05fa80b1__kiowa-tribe-pcap-5d-02f41701-0.pdf,7a05fa80b1__kiowa-tribe-pcap-5d-02f41701-0.pdf,7a05fa80b1b2f87b94d677f2ce4e87844ec32edf,Tribe,Climate Adaptation,"[""Oklahoma""]",[],[],"[""Kiowa Tribe"", ""Delaware Nation"", ""Apache Tribe"", ""Caddo Nation"", ""Comanche Nation"", ""Cheyenne & Arapaho Tribes""]",56,54,0,1,0,1,0.9694487607917629,0.05449272781479605,1.7692307692307692,22,362.5,205.3,831.5000000000003,0.18181818181818182
/scratch/xt2284/pdf_data/data/Oklahoma/Tribe/7f804ff08d__muscogee-creek-nation-pcap.pdf,7f804ff08d__muscogee-creek-nation-pcap.pdf,7f804ff08d929d34f9f8f92194bc1d0e94adbfac,Tribe,Climate Adaptation,"[""Oklahoma""]","[""Creek""]","[""Okmulgee City""]","[""Muscogee (Creek) Nation""]",136,109,0,26,0,1,0.9704407366142883,0.03679871778072757,1.9014084507042253,37,481.0,188.6,1098.1999999999998,0.16216216216216217
/scratch/xt2284/pdf_data/data/Oklahoma/Tribe/Wichita Climate Action Plan (9-18 Public Draft).pdf,Wichita Climate Action Plan (9-18 Public Draft).pdf,58b3424948b49179c074df66c9c5d27d7c6c7c40,Tribe,Climate Adaptation & Mitigation,"[""Oklahoma""]","[""Caddo""]","[""Anadarko City""]","[""Wichita and Affiliated Tribes (Wichita"", ""Keechi"", ""Waco & Tawakonie)""]",32,31,0,1,0,0,0.9862694500806519,0.010988103537479393,1.5714285714285714,18,330.5,240.70000000000002,590.8,0.05555555555555555
/scratch/xt2284/pdf_data/data/Oklahoma/Tribe/aOsage Master Plan story UPDATEDpdf.pdf,aOsage Master Plan story UPDATEDpdf.pdf,0a08d4a294c5d1818f4f6691a0dc76a912b6e19f,Tribe,Climate Adaptation,"[""Oklahoma""]","[""Osage""]","[""Pawhuska City""]","[""Osage Nation""]",8,7,0,1,0,0,0.9922521097498144,0.0,1.2857142857142858,5,334.0,201.4,459.6,0.2
