row_index,policy_id,source_url,file_path,state_list,county_list,city_list,tribe_list,policy_level,policy_type
0,f1c94ead9b4cd569ba519154a50286736d9737f6,https://www.azwater.gov/sites/default/files/media/2004%20Arizona%20Drought%20Preparedness%20Plan.pdf,E:/2026_capstone/policy_data/pdf_data/data/Arizona/State/2004 Arizona Drought Preparedness Plan.pdf,['Arizona'],[],[],[],State,Drought Plan
1,dd08b0c96720b8ad348fb0f434857f673a48eb4f,https://dema.az.gov/sites/default/files/2023-11/SHMP_2023_Final.pdf,E:/2026_capstone/policy_data/pdf_data/data/Arizona/State/SHMP_2023_Final.pdf,['Arizona'],[],[],[],State,Hazard Mitigation Plan
2,12d280431a37596d80c18dbff5870dd4fe0094d3,https://resilient.az.gov/sites/default/files/2025-01/the-clean-arizona-plan.pdf,E:/2026_capstone/policy_data/pdf_data/data/Arizona/State/the-clean-arizona-plan.pdf,['Arizona'],[],[],[],State,Climate Action Plan
3,7e74dc1b153f6dc8ab04239c8a78053071752c2a,https://dema.az.gov/sites/default/files/publications/EM-PLN_SERRP.pdf,E:/2026_capstone/policy_data/pdf_data/data/Arizona/State/EM-PLN_SERRP.pdf,['Arizona'],[],[],[],State,Emergency Plan
4,62a437cab9250431854ac06eab58e729fc831e5e,https://waterbank.az.gov/sites/default/files/2024-12/2024.12.09_AWBA-2025-Plan-of-Operation-FINAL.pdf,E:/2026_capstone/policy_data/pdf_data/data/Arizona/State/2024.12.09_AWBA-2025-Plan-of-Operation-FINAL.pdf,['Arizona'],[],[],[],State,Water banking
5,72c61141b9c244fac662c210e90cd27f5b4c36a7,https://www.apachecountyaz.gov/accnt_591117/site_591118/Documents/Hazard-Mitigation-Plan.pdf,E:/2026_capstone/policy_data/pdf_data/data/Arizona/County/Hazard-Mitigation-Plan.pdf,['Arizona'],['Apache'],[],[],County,Hazard Mitigation Plan
6,e08f048514474730cdc96a32c1cea69198ad692c,https://www.cochise.az.gov/DocumentCenter/View/10093/Cochise-County-Multi-Jurisdictional-Plan-2022-Final-PDF?bidId=,E:/2026_capstone/policy_data/pdf_data/data/Arizona/County/Cochise County MJHMP 2022 Plan - 1-28-23 w FEMA Letter_202301301237017125.pdf,['Arizona'],['Cochise'],[],[],County,Hazard Mitigation Plan
7,467df46348e3b683387416740a31636847c42584,https://www.coconino.az.gov/DocumentCenter/View/49402/2021-Coconino-MJHMP-FINAL-152022,E:/2026_capstone/policy_data/pdf_data/data/Arizona/County/2021 Coconino MJHMP FINAL 1.5.2022.pdf,['Arizona'],['Coconino'],[],[],County,Hazard Mitigation Plan
8,df475d5752065cfbbff114ab6e16efe9b8a2df90,https://cms3.revize.com/revize/gilaaz/government/health_and_emergency_services/gilaem_eoc/docs/GC_MJHMP_Final_10.08.19.pdf,E:/2026_capstone/policy_data/pdf_data/data/Arizona/County/df475d5752__GC_MJHMP_Final_10.08.19.pdf,['Arizona'],['Gila'],[],[],County,Hazard Mitigation Plan
9,50c170e94bc5dfcd8ace591f5497f554f5511c9d,https://content.civicplus.com/api/assets/38f93fea-bcd2-4682-82d9-6907c202eba0,E:/2026_capstone/policy_data/pdf_data/data/Arizona/County/Pima County Multi-Jurisdictional Hazard Mitigation Plan 2022 (PDF).pdf,['Arizona'],['Pima'],[],[],County,Hazard Mitigation Plan
10,72734cf397e348efacbc95fd4292f1159530bbbd,https://www.pinal.gov/DocumentCenter/View/7436/2022-Pinal-County-Multi-Jurisdictional-Hazard-Mitigation-Plan-PDF,E:/2026_capstone/policy_data/pdf_data/data/Arizona/County/Pinal County 2022 FEMA APPROVED_202303271140183781.pdf,['Arizona'],['Pinal'],[],[],County,Hazard Mitigation Plan
11,fd9e6ccff1d0aedf417da32b571cd2f847ecad87,https://www.santacruzcountyaz.gov/DocumentCenter/View/20240/Santa-Cruz-County-Multi-Jurisdictional-Hazard-Mitigation-Plan-2024-?bidId=,E:/2026_capstone/policy_data/pdf_data/data/Arizona/County/Santa Cruz MJHMP 6-6-24 Final.pdf,['Arizona'],['Santa Cruz'],[],[],County,Hazard Mitigation Plan
12,c236dbeccdc6d05722cf4f7311f30cd576ee55aa,https://www.yavapaiready.gov/files/sharedassets/public/v/1/resident-services/environmental-safety/documents/2023-yavapai-county-hazard-mitigation-plan-rev-e1_reduced-1.pdf,E:/2026_capstone/policy_data/pdf_data/data/Arizona/County/c236dbeccd__2023-yavapai-county-hazard-mitigation-plan-rev-e1_reduced-1.pdf,['Arizona'],['Yavapai'],[],[],County,Hazard Mitigation Plan
13,3246a4cf0e7616391407a0d98d0637fc2e84111d,https://www.yumacountyaz.gov/home/showpublisheddocument/41739/637165746725670000,E:/2026_capstone/policy_data/pdf_data/data/Arizona/County/Yuma County MutliJurisdictional Hazard Mitigation Plan 2019.pdf,['Arizona'],['Yuma'],[],[],County,Hazard Mitigation Plan
14,888777258b9796d5fcb7f303203b947d5c7d2322,https://www.lapaz.gov/DocumentCenter/View/6282/2020-La-Paz-County-Multi-Jurisdictional-Hazard-Mitigation-Plan--FEMA-Approved,E:/2026_capstone/policy_data/pdf_data/data/Arizona/County/2020 LPC  Adopted Multi-Jurisdictional Hazard Mitigation Plan.pdf,['Arizona'],['La Paz'],[],[],County,Hazard Mitigation Plan
15,b4339706ba1903e120241745079de21fb61e7018,https://www.maricopa.gov/1760/Hazard-Mitigation,E:/2026_capstone/policy_data/pdf_data/data/Arizona/County/Maricopa County MJMHMP 2021_MainBody with Tribal_2025 Accessible Version for website_202504171127066076.pdf,['Arizona'],['Maricopa'],[],[],County,Hazard Mitigation Plan
16,66ccce1bfa69dc6767220de352437f1bb2a01dc9,https://www.lhcaz.gov/docs/default-source/department-documents/hazardmitigationplan.pdf?sfvrsn=b86e2a7c_11,E:/2026_capstone/policy_data/pdf_data/data/Arizona/County/66ccce1bfa__hazardmitigationplan.pdf,['Arizona'],['Mohave'],[],[],County,Hazard Mitigation Plan
17,946264d9ee3ace258e230236c309ffc4e0f48f35,https://www.navajocountyaz.gov/DocumentCenter/View/5682/Navajo-MJHMP-2024--6102025-FINAL?bidId=,E:/2026_capstone/policy_data/pdf_data/data/Arizona/County/Navajo MJHMP 2024  6.10.2025 FINAL.pdf,['Arizona'],['Navajo'],[],[],County,Hazard Mitigation Plan
18,1811f1cb50c402873c7b1eaa0465054ca15c3227,https://www.cochise.az.gov/DocumentCenter/View/136/Cochise-County-Comprehensive-Plan-PDF?bidId=,E:/2026_capstone/policy_data/pdf_data/data/Arizona/County/Cochise County Comprehensive Plan (PDF)_202311221225102729.pdf,['Arizona'],['Cochise'],[],[],County,Comprehensive Plan
19,69fc9eb7d8667ff9f1d3991ef06d2d7f479ea18e,https://www.cochise.az.gov/DocumentCenter/View/24417/Sierra-Vista-Sub-Watershed-Water-Policy-Plan-PDF?bidId=,E:/2026_capstone/policy_data/pdf_data/data/Arizona/County/Sierra Vista Sub Watershed Water Policy Plan (PDF).pdf,['Arizona'],['Cochise'],[],[],County,Water Plan
20,3f7b2844352fa558a38fbf4e5b9c7f85bb66d8e0,https://www.cochise.az.gov/DocumentCenter/View/498/Local-Emergency-Response-Committee-Hazardous-Materials-Plan-PDF,"E:/2026_capstone/policy_data/pdf_data/data/Arizona/County/ANNEX 1 - HAZMAT Response Plan (adopted 2025, website)_202601131019180154.pdf",['Arizona'],['Cochise'],[],[],County,Emergency Plan
21,3a20e2b509367b9def9548c3d0d2988d84551041,https://www.coconino.az.gov/DocumentCenter/View/2992/County-Comprehensive-Plan,E:/2026_capstone/policy_data/pdf_data/data/Arizona/County/County Comprehensive Plan_201305101528369842.pdf,['Arizona'],['Coconino'],[],[],County,Comprehensive Plan
22,f06f7429dc68d9cc1e21fbac1a22bbcab969a9d2,https://www.graham.az.gov/DocumentCenter/View/574/County-Zoning-Ordinance-PDF?bidId=,E:/2026_capstone/policy_data/pdf_data/data/Arizona/County/ZoningOrd2023_202301171142159226.pdf,['Arizona'],['Graham'],[],[],County,Comprehensive Plan
23,411cae5059c217714b1ed012ff04b442a9a4ac9a,https://greenlee.az.gov/wp-content/uploads/2020/07/Zoning-Comprehensive-Plan.pdf,E:/2026_capstone/policy_data/pdf_data/data/Arizona/County/411cae5059__Zoning-Comprehensive-Plan.pdf,['Arizona'],['Greenlee'],[],[],County,Comprehensive Plan
24,9cfa1c23ae1ef844b768e83bc1693a358c4b2f71,https://greenlee.az.gov/wp-content/uploads/2020/07/Floodplains-Ordinance.pdf,E:/2026_capstone/policy_data/pdf_data/data/Arizona/County/9cfa1c23ae__Floodplains-Ordinance.pdf,['Arizona'],['Greenlee'],[],[],County,Flood Ordinance
25,dc8c94c95b36ac2bd77877ad1aba982149c98d63,https://www.maricopa.gov/DocumentCenter/View/59954/2019-Maricopa-County-CWPP-Update_Final,E:/2026_capstone/policy_data/pdf_data/data/Arizona/County/2019 Maricopa County CWPP Update_Final.pdf,['Arizona'],['Maricopa'],[],[],County,Wildfire Plan
26,82a7a496fd8653edd9c9fb7d6d743684ce924c12,https://www.azwater.gov/sites/default/files/media/PINAL_FINAL_DEC2020_0.pdf,E:/2026_capstone/policy_data/pdf_data/data/Arizona/County/PINAL_FINAL_DEC2020_0.pdf,['Arizona'],['Pinal'],[],[],County,FOURTH Plan
27,3546592ccf6c8c78d1a6ac191813d4acf3ae42e0,https://www.azwater.gov/sites/default/files/media/SCAMA%20FINAL%2010-20-2020.pdf,E:/2026_capstone/policy_data/pdf_data/data/Arizona/County/SCAMA FINAL 10-20-2020.pdf,['Arizona'],['Santa Cruz'],[],[],County,FOURTH Plan
28,0c1876389497941d7fcb89e704c7386767982c30,https://dema.az.gov/sites/default/files/2023-09/MAC-RCP_JLUP-Yuma_2005-Nov.pdf,E:/2026_capstone/policy_data/pdf_data/data/Arizona/County/MAC-RCP_JLUP-Yuma_2005-Nov.pdf,['Arizona'],['Yuma'],['Yuma City'],[],County,Land Use Plan
29,b7371a2bff779f47c7d1dd4fc542ce49d4dd1284,https://www.epa.gov/system/files/documents/2024-03/maricopa-pinal-county-region-priority-climate-action-plan.pdf,E:/2026_capstone/policy_data/pdf_data/data/Arizona/County/b7371a2bff__maricopa-pinal-county-region-priority-climate-action-plan.pdf,['Arizona'],"['Maricopa', 'Pinal']",[],[],County,Climate Action Plan
30,efcfa9e839a01be1d55cc804b53ca8518c1f735c,https://webgen1files1.revize.com/campverdetmpaz/Documents/Services/Utilities/Stormwater/1Current%2020240510%20Storm%20Water%20Management%20Plan%202024.pdf?t=202509160920570&t=202509160920570,E:/2026_capstone/policy_data/pdf_data/data/Arizona/City/efcfa9e839__1Current 20240510 Storm Water Management Plan 2024.pdf,['Arizona'],[],['Town of Camp Verde'],[],City,Water plan
31,b1d98fb8e0bb4a7d39abce93515d96479fbb1c45,https://www.phoenix.gov/content/dam/phoenix/waterservicessite/documents/2021%20city%20of%20phoenix%20water%20resource%20plan.pdf,E:/2026_capstone/policy_data/pdf_data/data/Arizona/City/b1d98fb8e0__2021 city of phoenix water resource plan.pdf,['Arizona'],[],['Phoenix City'],[],City,Water Plan
32,6a47f473292d32fc1ca8412b604dd064eb2f6da8,https://www.phoenix.gov/content/dam/phoenix/heatsite/documents/FINAL%20-%202025%20HEAT%20RESPONSE%20PLAN.pdf,E:/2026_capstone/policy_data/pdf_data/data/Arizona/City/6a47f47329__FINAL - 2025 HEAT RESPONSE PLAN.pdf,['Arizona'],[],['Phoenix City'],[],City,Heat Plan
33,275f72d3693ca5100ee08098306a53f0dd571dba,https://www.phoenix.gov/content/dam/phoenix/waterservicessite/documents/sustainable_desert_dev_policy_res_22129.pdf,E:/2026_capstone/policy_data/pdf_data/data/Arizona/City/275f72d369__sustainable_desert_dev_policy_res_22129.pdf,['Arizona'],[],['Phoenix City'],[],City,Sustainable Development
34,adb979df09bb35daa853619bbaa2af5c2b898da7,https://www.tucsonaz.gov/files/sharedassets/public/v/1/city-services/planning-development-services/documents/cms1_032816.pdf,E:/2026_capstone/policy_data/pdf_data/data/Arizona/City/adb979df09__cms1_032816.pdf,['Arizona'],[],['Tucson City'],[],City,Sustainable Development
35,20c9be57aecf16d4a8b7127ae6d6212cc5d245d4,https://www.tucsonaz.gov/files/sharedassets/public/v/1/pdsd/documents/plan-tucson-2025/general-plan-update-final-document/pt2025-chapter-5.pdf,E:/2026_capstone/policy_data/pdf_data/data/Arizona/City/20c9be57ae__pt2025-chapter-5.pdf,['Arizona'],[],['Tucson City'],[],City,Comprehensive Plan
36,bf308d29c66a6cf650933e9003b2b2af3bc8332e,https://www.tucsonaz.gov/files/sharedassets/public/v/1/city-services/tucson-water/documents/drought_preparedness_and_response_plan_june_28_2021_update.pdf,E:/2026_capstone/policy_data/pdf_data/data/Arizona/City/bf308d29c6__drought_preparedness_and_response_plan_june_28_2021_update.pdf,['Arizona'],[],['Tucson City'],[],City,Drought Plan
37,2273d092c6dd4a1b5df5a672b11f15eadea79d62,https://www.glendaleaz.gov/files/assets/city/v/1/water/documents/water-services/water-conservation-and-sustainable-living/city-of-glendale-drought-management-plan-2022.pdf,E:/2026_capstone/policy_data/pdf_data/data/Arizona/City/2273d092c6__city-of-glendale-drought-management-plan-2022.pdf,['Arizona'],[],['Glendale City'],[],City,Drought Plan
38,94a0f71a52b64853cabed926b1d5101b206ecdbb,https://www.glendaleaz.gov/files/assets/city/v/1/city-clerk/documents/environmental-protection/sept-2024-swmp.pdf,E:/2026_capstone/policy_data/pdf_data/data/Arizona/City/94a0f71a52__sept-2024-swmp.pdf,['Arizona'],[],['Glendale City'],[],City,Water Management
39,64c091ca137551a5b7fbda1b8ff9e6773959b5c5,https://eservices.scottsdaleaz.gov/planning/projectsummary/unrelated_documents/022223_SEAC_Item1.pdf,E:/2026_capstone/policy_data/pdf_data/data/Arizona/City/64c091ca13__022223_SEAC_Item1.pdf,['Arizona'],[],['Scottsdale City'],[],City,Sustainability Development
40,1134f85730c3cc507aaafddce4ba0b93ebf56ef5,https://theofficialhavasupaitribe.com/files/Havasupai-Hazard-Mitigation-Plan-2022-Draft-Nov.-18-2022.pdf,E:/2026_capstone/policy_data/pdf_data/data/Arizona/Tribe/1134f85730__Havasupai-Hazard-Mitigation-Plan-2022-Draft-Nov.-18-2022.pdf,['Arizona'],[],[],['Havasupai Tribe'],Tribe,Hazard Mitigation Plan
41,52bdece409028dd70b8c8f4a5adea870c4b47a46,https://www.hopi-nsn.gov/wp-content/uploads/2016/06/Hopi-Hazard-Mitigation-Plan.pdf,E:/2026_capstone/policy_data/pdf_data/data/Arizona/Tribe/52bdece409__Hopi-Hazard-Mitigation-Plan.pdf,['Arizona'],[],[],['Hopi Tribe'],Tribe,Hazard Mitigation Plan
42,c4da2ca78b0a7892d5f44d2f954cc6cf8773b7fd,https://cms2.revize.com/revize/kaibabaz/Document%20Center/GCDAMP/TenYearSummaryReport-final.pdf,E:/2026_capstone/policy_data/pdf_data/data/Arizona/Tribe/c4da2ca78b__TenYearSummaryReport-final.pdf,['Arizona'],[],[],['Kaibab- Paiute Tribe'],Tribe,Adaptive Management report
43,d3ed9dfc5de46a7c51187a8342371530f60e894c,http://www.wmat.us/Legal/00%20-%20Environmental%20Code%20-%20051815%20IN%20EFFECT.pdf,E:/2026_capstone/policy_data/pdf_data/data/Arizona/Tribe/d3ed9dfc5d__00 - Environmental Code - 051815 IN EFFECT.pdf,['Arizona'],[],[],['White Mountain Apache Tribe'],Tribe,Environmental Code
44,96955ab4f0215c847cd033fc9ac00870f96e1f95,https://www.nndfw.org/docs/Climate%20Change%20Adaptation%20Plan.pdf,E:/2026_capstone/policy_data/pdf_data/data/Arizona/Tribe/96955ab4f0__Climate Change Adaptation Plan.pdf,['Arizona'],[],[],['Navajo'],Tribe,Climate Adaptation plan
45,07b0a2ad75a2df558750de1c918dc93a837c1b01,https://www.env.nm.gov/climateaction/wp-content/uploads/sites/39/2024/07/NM-C.A.R.P._03.06.24_Updated.pdf,E:/2026_capstone/policy_data/pdf_data/data/New Mexico/State/07b0a2ad75__NM-C.A.R.P._03.06.24_Updated.pdf,['New Mexico'],[],[],[],State,Climate
46,93206fa6527b81c667f12b753cc3ed0a8ad1b696,https://renewabletaos.org/wp-content/uploads/Joint-Resolution-on-Renewable-Energy-2-9-2014.pdf,E:/2026_capstone/policy_data/pdf_data/data/New Mexico/County/93206fa652__Joint-Resolution-on-Renewable-Energy-2-9-2014.pdf,['New Mexico'],['Taos'],[],[],County,Energy
47,618c18c003ee407d9ce2bc341807c569717df25b,https://www.rio-arriba.org/files/assets/county/v/1/fireem/documents/hazard_mitigation_plan.pdf,E:/2026_capstone/policy_data/pdf_data/data/New Mexico/County/618c18c003__hazard_mitigation_plan.pdf,['New Mexico'],['Rio Arriba'],[],[],County,Hazard Mitigation Plan
48,8d8079719390b123b3356f77ac9f2bbcc4d063d7,https://www.rio-arriba.org/files/assets/county/v/1/fireem/documents/hazard_mitigation.pdf,E:/2026_capstone/policy_data/pdf_data/data/New Mexico/County/8d80797193__hazard_mitigation.pdf,['New Mexico'],['Rio Arriba'],[],[],County,Hazard Mitigation Plan
49,6df8aee6591dcecd79c47365fc2587d060c003c4,https://www.santafecountynm.gov/uploads/documents/Exhibit_B_-_Santa_Fe_County_Climate_Action_Plan_I_Pages_1-211.pdf,E:/2026_capstone/policy_data/pdf_data/data/New Mexico/County/6df8aee659__Exhibit_B_-_Santa_Fe_County_Climate_Action_Plan_I_Pages_1-211.pdf,['New Mexico'],['Santa Fe'],[],[],County,Climate
50,5a3c0c5db50b0f7d633e80bf038bad20a967bdd6,https://www.sandovalcountynm.gov/wp-content/uploads/2019/10/NationalHazardsMitigatioinPlan2019.pdf,E:/2026_capstone/policy_data/pdf_data/data/New Mexico/County/5a3c0c5db5__NationalHazardsMitigatioinPlan2019.pdf,['New Mexico'],['Sandoval'],[],[],County,Hazard Mitigation Plan
51,fa4d238df93e1941e1e701c75b0a3b8c704a9864,https://swnmcog.org/wp-content/uploads/2023/09/Luna-County-2022-Comp-Plan-2-1.pdf,E:/2026_capstone/policy_data/pdf_data/data/New Mexico/County/fa4d238df9__Luna-County-2022-Comp-Plan-2-1.pdf,['New Mexico'],['Luna'],[],[],County,Comprehensive Plan
52,cd6e901ca89224dc8bb353cad6d543224ccc0f35,http://mcoem.com/wp-content/uploads/2013/02/McKinley-County-HMP-Final-10142014.pdf,E:/2026_capstone/policy_data/pdf_data/data/New Mexico/County/cd6e901ca8__McKinley-County-HMP-Final-10142014.pdf,['New Mexico'],['McKinley'],[],[],County,Comprehensive Plan
53,d42f4eb031c08c970d8eec8632555eb18ac51092,https://www.fs.usda.gov/sites/nfs/files/legacy-media/cibola/20210812_CibolaEISVol3-WEB-508.pdf,E:/2026_capstone/policy_data/pdf_data/data/New Mexico/County/d42f4eb031__20210812_CibolaEISVol3-WEB-508.pdf,['New Mexico'],['Cibola'],[],[],County,Environmental Programs
54,db5fbbd78d138ae7031193c7baae31594545d7da,https://valenciaswcd-nm.gov/wp-content/uploads/2025/09/VSWCDSurveyLRCPFinal05.15.25-2.pdf,E:/2026_capstone/policy_data/pdf_data/data/New Mexico/County/db5fbbd78d__VSWCDSurveyLRCPFinal05.15.25-2.pdf,['New Mexico'],['Valencia'],[],[],County,"Soil, Water"
55,3d74981c3908496ff119ad944becf1eeaf461e2c,https://www.sanjuancountywa.gov/DocumentCenter/View/32089/2025-03-05_Draft_Climate_Element_Staff-Report_PC?bidId=,E:/2026_capstone/policy_data/pdf_data/data/New Mexico/County/2025-03-05_Draft_Climate_Element_Staff Report_PC.pdf,['New Mexico'],['San Juan'],[],[],County,Climate
56,d7b7941f499e1847632a0b1fa2dbad1195d7ca43,https://www.sanjuancountywa.gov/DocumentCenter/View/32518/2025-05-01_Draft_Element-11---Climate?bidId=,E:/2026_capstone/policy_data/pdf_data/data/New Mexico/County/2025-05-01_Draft_Element 11 - Climate.pdf,['New Mexico'],['San Juan'],[],[],County,Climate
57,3ee7dd9d769f3cc32c8bd94354707a0082e5565d,https://swnmcog.org/wp-content/uploads/2022/06/Catron-County-Comprehensive-Plan-3-07-Complete-Final.pdf,E:/2026_capstone/policy_data/pdf_data/data/New Mexico/County/3ee7dd9d76__Catron-County-Comprehensive-Plan-3-07-Complete-Final.pdf,['New Mexico'],['Catron'],[],[],County,Comprehensive Plan
58,820448de31d5bbcd5ce21b6eaa5e1d797c006036,https://bhinc.com/wp-content/uploads/2023/08/Chavez-County-Comprehensive-Plan.pdf,E:/2026_capstone/policy_data/pdf_data/data/New Mexico/County/820448de31__Chavez-County-Comprehensive-Plan.pdf,['New Mexico'],['Chaves'],[],[],County,Comprehensive Plan
59,8de116d0611cf37580780c6948300690e72b32cc,https://www.emnrd.nm.gov/sfd/wp-content/uploads/sites/4/Final_2022_Colfax_CWPP_signed.pdf,E:/2026_capstone/policy_data/pdf_data/data/New Mexico/County/8de116d061__Final_2022_Colfax_CWPP_signed.pdf,['New Mexico'],['Colfax'],[],[],County,"Comprehensive Plan, Wildfire"
60,0e91e6eb5bba938675a06a8e8044a86fe2023bbc,https://colfaxcountyne.gov/wp-content/uploads/sites/30/2025/06/Comprehensive_Plan.pdf,E:/2026_capstone/policy_data/pdf_data/data/New Mexico/County/0e91e6eb5b__Comprehensive_Plan.pdf,['New Mexico'],['Colfax'],[],[],County,
61,80c40899c5f8dff63682a728ad20cc1788cdb4f3,https://cms6.revize.com/revize/currycountyor/CurryNHMP_VolumeI_2015_sm.pdf,E:/2026_capstone/policy_data/pdf_data/data/New Mexico/County/80c40899c5__CurryNHMP_VolumeI_2015_sm.pdf,['New Mexico'],['Curry'],[],[],County,"Hazard Mitigation Plan, Action Plan"
62,e543260c36cb4bb3ee65089d5d87cba81640843f,https://www.currywatersheds.org/wp-content/uploads/2020/02/Curry-Action-Plan.pdf,E:/2026_capstone/policy_data/pdf_data/data/New Mexico/County/e543260c36__Curry-Action-Plan.pdf,['New Mexico'],['Curry'],[],[],County,
63,ce32420426a8aaaa5980f662f15e6ce7fc66e7f7,https://www.emnrd.nm.gov/sfd/wp-content/uploads/sites/4/DeBacaFinalCWPP2.pdf,E:/2026_capstone/policy_data/pdf_data/data/New Mexico/County/ce32420426__DeBacaFinalCWPP2.pdf,['New Mexico'],['De Baca'],[],[],County,Wildfire
64,800593511716cafdd8f574e7f471e40f76aa62e6,https://swnmcog.org/wp-content/uploads/2022/06/2017-Grant-County-Comprehensive-Plan.pdf,E:/2026_capstone/policy_data/pdf_data/data/New Mexico/County/8005935117__2017-Grant-County-Comprehensive-Plan.pdf,['New Mexico'],['Grant'],[],[],County,Comprehensive Plan
65,f56ad91ff35ba820ef49beeae05c9ea11aeec23f,https://swnmcog.org/wp-content/uploads/2022/06/Hidalgo-Comp-Plan-Dec_2011.pdf,E:/2026_capstone/policy_data/pdf_data/data/New Mexico/County/f56ad91ff3__Hidalgo-Comp-Plan-Dec_2011.pdf,['New Mexico'],['Hidalgo'],[],[],County,Comprehensive Plan
66,387b3afccb0440c79e7ed87fb1493e008b616cb5,https://drive.google.com/file/d/16SOPBWKCaMgE3gpOC1ec9CTcsDTBBQdC/view,E:/2026_capstone/policy_data/pdf_data/data/Arizona/County/Lincoln_Co_HMP_03182024_V2.pdf,['New Mexico'],['Lincoln'],['Ruidoso Downs City'],[],County,Hazard Mitigation Plan
67,1308db0865a0b994240c81ae0ec50b449f8a8f30,https://www.quaycounty-nm.gov/quaycounty/wp-content/uploads/2024/10/QuayFinalPlan_100124_Adopted.pdf,E:/2026_capstone/policy_data/pdf_data/data/New Mexico/County/1308db0865__QuayFinalPlan_100124_Adopted.pdf,['New Mexico'],['Quay'],[],[],County,Comprehensive Plan
68,7d0a7bc45526c036032c40e565c6088e65dd84e6,https://www.rooseveltcounty.com/wp-content/uploads/2017/02/RooseveltLandUsePlan-3-3-16Final-update.pdf,E:/2026_capstone/policy_data/pdf_data/data/New Mexico/County/7d0a7bc455__RooseveltLandUsePlan-3-3-16Final-update.pdf,['New Mexico'],['Roosevelt'],[],[],County,"Land Use, Energy"
69,3020d3b59318bb5d89c7df36205c977c194d6031,https://ceepr.mit.edu/wp-content/uploads/2022/12/2022-The-Roosevelt-Project-New-Mexico-Case-Study.pdf,E:/2026_capstone/policy_data/pdf_data/data/New Mexico/County/3020d3b593__2022-The-Roosevelt-Project-New-Mexico-Case-Study.pdf,['New Mexico'],['Roosevelt'],[],[],County,
70,a3865044f634225771fc47f56858900a18a1e775,https://www.moriartynm.org/uploads/PDF/May%25202025%2520Torrance%2520County%2520New%2520Mexico%2520Local%2520Hazard%2520Mitigation%2520Plan%2520Update.pdf,E:/2026_capstone/policy_data/pdf_data/data/New Mexico/County/a3865044f6__May%202025%20Torrance%20County%20New%20Mexico%20Local%20Hazard%20Mitigation%20Plan%20Update.pdf,['New Mexico'],['Torrance'],[],[],County,Hazard Mitigation Plan
71,16527930a77ae329a8772bd0ac908b73f644417d,https://rrnm.gov/DocumentCenter/View/11638/Rio-Rancho-Sustainability-Plan-FINAL-022811-pdf,E:/2026_capstone/policy_data/pdf_data/data/New Mexico/City/Rio Rancho Sustainability Plan FINAL 022811 pdf.PDF,['New Mexico'],[],['Rio Rancho City'],[],City,Sustainability (need to download
72,7e011869e17fc1b3d8fe669b60d54c3151049fde,https://www.climateaction.nm.gov/wp-content/uploads/2025/04/Gallup-Notes-Final-2.20.2025.pdf,E:/2026_capstone/policy_data/pdf_data/data/New Mexico/City/7e011869e1__Gallup-Notes-Final-2.20.2025.pdf,['New Mexico'],[],['Gallup City'],[],City,Climate
73,8f7df5698cf2be909192b99198839a48349f39c4,https://bloomfieldct.gov/DocumentCenter/View/2803/Bloomfield-Climate-Emergency-Resolution-51021,E:/2026_capstone/policy_data/pdf_data/data/New Mexico/City/Final Bloomfield Climate Emergency Resolution passed by Council 5-10-21.pdf,['New Mexico'],[],['Bloomfield City'],[],City,Climate
74,22b520dec691933d4f21db7b6a8390aed977fb5d,https://www.energy.gov/sites/default/files/2022-12/picuris_pueblo_hammond_sand2022-16653.pdf,E:/2026_capstone/policy_data/pdf_data/data/New Mexico/Tribe/22b520dec6__picuris_pueblo_hammond_sand2022-16653.pdf,['New Mexico'],['Taos'],[],['Picuris Pueblo'],Tribe,Energy
75,067ee46c19775492e21def1f8050da6821a42593,https://www.epa.gov/system/files/documents/2024-04/pueblo-of-tesuque-pcap.pdf,E:/2026_capstone/policy_data/pdf_data/data/New Mexico/Tribe/067ee46c19__pueblo-of-tesuque-pcap.pdf,['New Mexico'],['Santa Fe'],[],['Tesuque Pueblo'],Tribe,Climate
76,0eeaa65ff4fdeb8d9b03a065d4b6ddbacd81be9d,https://www.epa.gov/system/files/documents/2024-04/pueblo-of-sandia-pcap.pdf,E:/2026_capstone/policy_data/pdf_data/data/New Mexico/Tribe/0eeaa65ff4__pueblo-of-sandia-pcap.pdf,['New Mexico'],['Sandoval'],[],['Sandia Pueblo'],Tribe,Climate
77,26a7f602615b98b6f5d1619b71b88f377117c65f,https://www.energy.gov/sites/prod/files/2015/12/f27/zia_pueblo_final_report_ee0005628.pdf,E:/2026_capstone/policy_data/pdf_data/data/New Mexico/Tribe/26a7f60261__zia_pueblo_final_report_ee0005628.pdf,['New Mexico'],['Sandoval'],[],['Zia Pueblo'],Tribe,Energy
78,5abc0f2a17a4063ad73a52ec55d7023a7e3fb2cd,https://www.epa.gov/sites/default/files/2014-10/documents/acoma-wqs.pdf,E:/2026_capstone/policy_data/pdf_data/data/New Mexico/Tribe/5abc0f2a17__acoma-wqs.pdf,['New Mexico'],['Cibola'],[],['Acoma Pueblo'],Tribe,Water
79,4810c9cfd613ae84c0bfd6eecc45a5f84654e2c8,https://www.isletapueblo.com/wp-content/uploads/2022/06/IFD-Isleta-HMP-FInal-Draft-6-9-2022-2.pdf,E:/2026_capstone/policy_data/pdf_data/data/New Mexico/Tribe/4810c9cfd6__IFD-Isleta-HMP-FInal-Draft-6-9-2022-2.pdf,['New Mexico'],"['Valencia', 'Bernalillo']",[],['Isleta Pueblo'],Tribe,Hazard Mitigation Plan
80,80aae511fc06786e66dbff5ef3933640398d1d40,https://www.nndfw.org/docs/Navajo%20Nation%20Community%20Leaders%20Climate%20Change%20report.pdf,E:/2026_capstone/policy_data/pdf_data/data/New Mexico/Tribe/80aae511fc__Navajo Nation Community Leaders Climate Change report.pdf,['New Mexico'],"['E-Bernalillo', 'G-Cibola', 'L-Socorro', 'D-Sandoval', 'B-Rio Arriba', 'H-McKinley', 'K-San Juan']",[],"['Navajo Nation E', 'G', 'D', 'B', 'K', 'L', 'H']",Tribe,Climate
81,7134ab4d8c96b88dfc64b1ff1e1409b45a35d581,https://www.southernclimate.org/wp-content/uploads/OK_Climate_Needs_Assessment_Report_Final.pdf,E:/2026_capstone/policy_data/pdf_data/data/Oklahoma/Federal/7134ab4d8c__OK_Climate_Needs_Assessment_Report_Final.pdf,['Oklahoma'],[],[],[],Federal,
82,5157614ad73a844958190f316af3b678891656f7,https://www.fws.gov/project/fostering-partnerships-drought-contingency-plan,E:/2026_capstone/policy_data/pdf_data/data/Oklahoma/Federal/Fostering Partnerships to Design and Implement a Drought Contingency Plan in the Arbuckle-Simpson Aquifer.pdf,['Oklahoma'],[],[],[],Federal,
83,86fcabd929460d0f5cae0a6af70d1284740c2cd4,https://www.epa.gov/system/files/documents/2022-10/bh508-R06%20EPA%20CAIP_Submitted_October2022_508.pdf,E:/2026_capstone/policy_data/pdf_data/data/Oklahoma/Federal/86fcabd929__bh508-R06 EPA CAIP_Submitted_October2022_508.pdf,['Oklahoma'],[],[],[],Federal,
84,e55665769bff28dcc6bd88dcca5a80075d1b7f71,https://www.energy.gov/sites/default/files/2023-11/Arguello_Report_SAND_SAND2023-09029.pdf,E:/2026_capstone/policy_data/pdf_data/data/Oklahoma/Federal/e55665769b__Arguello_Report_SAND_SAND2023-09029.pdf,['Oklahoma'],['Hughes'],['Wetumka City'],['Alabama-Quassarte Tribal Town'],Federal,Energy / Climate & Renewable Energy Strategy
85,f21e659125e98cafb06b68b4bbb7462a3eb31933,https://www.hudexchange.info/sites/onecpd/assets/File/AL-FEMA-Prototype-2014-PA-Section-106.pdf,E:/2026_capstone/policy_data/pdf_data/data/Oklahoma/Federal/f21e659125__AL-FEMA-Prototype-2014-PA-Section-106.pdf,['Oklahoma'],[],[],[],Federal,Disaster Response / Hazard Mitigation / Climate Resilience
86,eddd2209c56de0c5ae38ffdb17d69d732b21c703,https://kawerak.org/wp-content/uploads/2019/04/GAP-guidance.pdf,E:/2026_capstone/policy_data/pdf_data/data/Oklahoma/Federal/eddd2209c5__GAP-guidance.pdf,['Oklahoma'],['Caddo'],['Apache City'],['Fort Sill Apache Tribe of Oklahoma'],Federal,Environmental / Tribal Capacity Building
87,02bc95d3e1e456cd30291bc78eb94622116e0b20,https://www.epa.gov/system/files/documents/2022-12/clean-water-act-section-106-tribal-guidance.pdf,E:/2026_capstone/policy_data/pdf_data/data/Oklahoma/Federal/02bc95d3e1__clean-water-act-section-106-tribal-guidance.pdf,['Oklahoma'],[],[],[],Federal,Water Quality / Environmental Monitoring
88,ef9b6a8603398b23f9ad24e62c6ab0bb8f3b3976,https://www.choctawnation.com/wp-content/uploads/2025/08/cno-water-settlement-agreement.pdf,E:/2026_capstone/policy_data/pdf_data/data/Oklahoma/Federal/ef9b6a8603__cno-water-settlement-agreement.pdf,['Oklahoma'],[],[],[],Federal,Water Rights / Water Resource Management
89,f4a4fa8c07a9f3b235c450c6c76bbe8e95aa537b,https://www.epa.gov/system/files/documents/2023-02/ira-caa-grant-application-guidance.pdf,E:/2026_capstone/policy_data/pdf_data/data/Oklahoma/Federal/f4a4fa8c07__ira-caa-grant-application-guidance.pdf,['Oklahoma'],['Caddo'],['Anadarko City'],['Delaware Nations'],Federal,Air quality
90,dac3e983703f6f3157ff9f65ab7019758976b93e,https://pubs.usgs.gov/circ/1396/pdf/circ1396.pdf,E:/2026_capstone/policy_data/pdf_data/data/Oklahoma/Federal/dac3e98370__circ1396.pdf,['Oklahoma'],['Pittsburg'],['Haskell City'],['Modoc Tribe of Oklahoma'],Federal,Climate Adaptation
91,c8b9c8fd75b0cd39565b8939b47ae3ac8d0b435f,https://www.govinfo.gov/content/pkg/USCODE-2010-title33/pdf/USCODE-2010-title33-chap26-subchapIII-sec1329.pdf,E:/2026_capstone/policy_data/pdf_data/data/Oklahoma/Federal/c8b9c8fd75__USCODE-2010-title33-chap26-subchapIII-sec1329.pdf,['Oklahoma'],[],[],[],Federal,Environmental Protection / Water Quality / Nonpoint Source Pollution Control
92,8c64449601ad7200955f814d939efc3abec09249,https://www.energy.gov/sites/default/files/2017/08/f36/OGE_Project_Description.pdf,E:/2026_capstone/policy_data/pdf_data/data/Oklahoma/Federal/8c64449601__OGE_Project_Description.pdf,['Oklahoma'],[],[],[],Federal,Energy Infrastructure / Smart Grid
93,4a42d18c44ac53ed77db2025e3a7c69d2a0c09e1,https://www.okcommerce.gov/wp-content/uploads/Oklahoma-Energy-Security-Plan.pdf,E:/2026_capstone/policy_data/pdf_data/data/Oklahoma/State/4a42d18c44__Oklahoma-Energy-Security-Plan.pdf,['Oklahoma'],[],[],[],State,
94,16edb1ae1145fb6177726da7449a7a090b28f684,https://www.epa.gov/system/files/documents/2024-03/oklahoma-cprg-priority-action-plan.pdf,E:/2026_capstone/policy_data/pdf_data/data/Oklahoma/State/16edb1ae11__oklahoma-cprg-priority-action-plan.pdf,['Oklahoma'],[],[],[],State,Climate Action Plan
95,4f65913ec84998c9e27733d9aaaa65229fd8c610,https://oklahoma.gov/content/dam/ok/en/oem/documents/SHMP%202024.pdf,E:/2026_capstone/policy_data/pdf_data/data/Oklahoma/State/4f65913ec8__SHMP 2024.pdf,['Oklahoma'],[],[],[],State,Hazard Mitigation Plan
96,66e82b6ecc60cf856db58a94ed0efdadcb4663ae,https://ag.ok.gov/wp-content/uploads/2025/02/Forest-Action-Plan-2020.pdf,E:/2026_capstone/policy_data/pdf_data/data/Oklahoma/State/66e82b6ecc__Forest-Action-Plan-2020.pdf,['Oklahoma'],[],[],[],State,
97,e1319c286d9fb6044d7ec49a28b9fa342206e7b8,https://ee.ok.gov/wp-content/uploads/2021/09/FUL-FEP_Final-Draft6-1.pdf,E:/2026_capstone/policy_data/pdf_data/data/Oklahoma/State/e1319c286d__FUL-FEP_Final-Draft6-1.pdf,['Oklahoma'],[],[],[],State,
98,d7945159b371cdc8badcb5c8b6803997f566fdcb,https://www.okcommerce.gov/wp-content/uploads/CDBG-DR-Action-Plan-93.7-Million.pdf,E:/2026_capstone/policy_data/pdf_data/data/Oklahoma/State/d7945159b3__CDBG-DR-Action-Plan-93.7-Million.pdf,['Oklahoma'],[],[],[],State,
99,da56dd01a155add44070068ad848f53ddf5ae896,https://oklahoma.gov/content/dam/ok/en/owrb/documents/water-planning/ocwp/southwest-planning-region-report.pdf,E:/2026_capstone/policy_data/pdf_data/data/Oklahoma/State/da56dd01a1__southwest-planning-region-report.pdf,['Oklahoma'],[],[],[],State,
100,97238f39455d83e7a894112f5e9113cb02d0c6a2,https://www.okcommerce.gov/wp-content/uploads/CDBG-DR-2022-Action-Plan-SA1.pdf,E:/2026_capstone/policy_data/pdf_data/data/Oklahoma/State/97238f3945__CDBG-DR-2022-Action-Plan-SA1.pdf,['Oklahoma'],[],[],[],State,
101,827e760be1e42c0923a7ccefabee2bbead855cb5,https://digitalprairie.ok.gov/digital/api/collection/stgovpub/id/684969/download,E:/2026_capstone/policy_data/pdf_data/data/Oklahoma/State/stgovpub_684969.pdf,['Oklahoma'],[],[],[],State,Climate
102,021fe82d7d7525f915c3a0af4654f134d9ae473b,https://www.astribe.com/environmental-health,E:/2026_capstone/policy_data/pdf_data/data/Oklahoma/Tribe/021fe82d7d7525f915c3a0af4654f134d9ae473bEnvironmental-Health.pdf,['Oklahoma'],[],[],[],Tribe,Environmental Programs
103,ddd5368e8f219b0c8bc4af0611bfee481c5433f6,https://cherokee.org/media/q1cj2nyb/eo-2024-03-earthday.pdf,E:/2026_capstone/policy_data/pdf_data/data/Oklahoma/Tribe/ddd5368e8f__eo-2024-03-earthday.pdf,['Oklahoma'],[],[],[],Tribe,Climate / Environmental Policy
104,5e985facdb5b7ea9b8e40309757f97a203b3e25c,https://www.choctawnation.com/wp-content/uploads/2025/05/priority-climate-action-plan.pdf,E:/2026_capstone/policy_data/pdf_data/data/Oklahoma/Tribe/5e985facdb__priority-climate-action-plan.pdf,['Oklahoma'],[],[],['Choctaw Nation'],Tribe,Climate / GHG Reduction / Strategic Planning
105,877a725c40c64542aa635b4fd9aaa2b195914fed,https://www.potawatomi.org/blog/2019/01/16/adaptation-is-key-for-tribes-future-in-a-warmer-great-plains/,E:/2026_capstone/policy_data/pdf_data/data/Oklahoma/Tribe/Adaptation_is_key_for_Tribes_future_in_a_warmer_Great_Plains.pdf,['Oklahoma'],"['Canadian', 'Oklahoma', 'Pottawatomie']",['Shawnee City'],['Citizen Potawatomi Nation'],Tribe,Climate Adaptation / Environment Resilience
106,40dc46555f2d1d408145d4c29e461e79e50a99cf,https://www.comanchenation.com/sites/default/files/fileattachments/health_amp_wellness/page/6611/159-2025_cbc_resolution_to_adopt_guidelines_for_environmental_program_cng_funding.pdf,E:/2026_capstone/policy_data/pdf_data/data/Oklahoma/Tribe/40dc46555f__159-2025_cbc_resolution_to_adopt_guidelines_for_environmental_program_cng_funding.pdf,['Oklahoma'],['Comanche'],['Lawton City'],['Comanche Nation of Oklahoma'],Tribe,Environmental Programs / Policy Guidelines
107,6622d84ba7bf4f8c2cbbbda2baa61c8c8f7958de,https://delawaretribe.org/wp-content/uploads/Climate-Adaptation-Plan-and-Vulnerability-Assessment-01-2026.pdf,E:/2026_capstone/policy_data/pdf_data/data/Oklahoma/Tribe/6622d84ba7__Climate-Adaptation-Plan-and-Vulnerability-Assessment-01-2026.pdf,['Oklahoma'],[],[],['Delaware Tribe of Indians'],Tribe,Climate Adaptation
108,575022b4bb831533322c49632f7c5a6759547dc8,https://static1.squarespace.com/static/60537f312b9e3a557fca2b4f/t/67b8b18851204d72c738da15/1740157324753/25-01-16_KTO_PCAP_Final.pdf,E:/2026_capstone/policy_data/pdf_data/data/Oklahoma/Tribe/575022b4bb__25-01-16_KTO_PCAP_Final.pdf,['Oklahoma'],"['Pottawatomie', 'Lincoln', 'Oklahoma']",['McLoud City'],['Kickapoo Tribe'],Tribe,Climate Adaptation / GHG Reduction / Strategic Planning
109,7a05fa80b1b2f87b94d677f2ce4e87844ec32edf,https://www.epa.gov/system/files/documents/2024-04/kiowa-tribe-pcap-5d-02f41701-0.pdf,E:/2026_capstone/policy_data/pdf_data/data/Oklahoma/Tribe/7a05fa80b1__kiowa-tribe-pcap-5d-02f41701-0.pdf,['Oklahoma'],[],[],"['Kiowa Tribe', 'Delaware Nation', 'Apache Tribe', 'Caddo Nation', 'Comanche Nation', 'Cheyenne & Arapaho Tribes']",Tribe,Climate Adaptation
110,7f804ff08d929d34f9f8f92194bc1d0e94adbfac,https://www.epa.gov/system/files/documents/2024-04/muscogee-creek-nation-pcap.pdf,E:/2026_capstone/policy_data/pdf_data/data/Oklahoma/Tribe/7f804ff08d__muscogee-creek-nation-pcap.pdf,['Oklahoma'],['Creek'],['Okmulgee City'],['Muscogee (Creek) Nation'],Tribe,Climate Adaptation
111,0664da1088bb1cb26656b62063fea433efa36809,https://www.muscogeenation.com/wp-content/uploads/2023/05/20230531-Hazard-Mitigation-Plan.pdf,E:/2026_capstone/policy_data/pdf_data/data/Oklahoma/Tribe/0664da1088__20230531-Hazard-Mitigation-Plan.pdf,['Oklahoma'],[],[],[],Tribe,Hazard Mitigation Plan
112,0a08d4a294c5d1818f4f6691a0dc76a912b6e19f,"https://www.osagenation-nsn.gov/media/94/download?attachment#:~:text=Because%20the%20temperature%20stays%20so,temperatures%20comfortable%20throughout%20the%20building.&text=The%20strategies%20used%20for%20Phase,is%20what%20makes%20it%20Osage.",E:/2026_capstone/policy_data/pdf_data/data/Oklahoma/Tribe/aOsage Master Plan story UPDATEDpdf.pdf,['Oklahoma'],['Osage'],['Pawhuska City'],['Osage Nation'],Tribe,Climate Adaptation
113,9bba7ed36470dc9d6e98e5430e5b0ada62d4ef4d,"https://www.osagenation-nsn.gov/news-events/news/osage-nation-continues-cleaning-environmental-hazards-caused-orphaned-wells#:~:text=The%20program's%20goals%20include:%20*%20Stopping%20pollution,reservation%2C%20including%20over%201%2C600%20documented%20orphaned%20wells.",E:/2026_capstone/policy_data/pdf_data/data/Oklahoma/Tribe/Osage Nation Continues Cleaning Up Environmental Hazards Caused by Orphaned Wells.pdf,['Oklahoma'],[],[],[],Tribe,Environmental / Pollution Remediation / Climate-Relevant
114,84f5ca7e88042cbfaad8fbc2c2621e93bf067e9b,https://www.iitc.org/wp-content/uploads/Seminole-Nation-Resolution_web.pdf,E:/2026_capstone/policy_data/pdf_data/data/Oklahoma/Tribe/84f5ca7e88__Seminole-Nation-Resolution_web.pdf,['Oklahoma'],['Seminole'],['Wewoka City'],['Seminole Nation of Oklahoma'],Tribe,Climate Adaptation
115,2e107e5a0925a48984fd0ece2f4bd2e2cce2dce8,https://incog.org/Community_Economic_Development/Documents/Creek_County_MHMP_Draft.pdf,E:/2026_capstone/policy_data/pdf_data/data/Oklahoma/Tribe/2e107e5a09__Creek_County_MHMP_Draft.pdf,['Oklahoma'],"['Kay', 'Creek']",['Kaw City'],['Kaw Nation'],Tribe,Hazard Mitigation Plan
116,58b3424948b49179c074df66c9c5d27d7c6c7c40,https://www.wichita.gov/DocumentCenter/View/29744/Wichita-Climate-Action-Plan-918-Public-Draft-PDF,E:/2026_capstone/policy_data/pdf_data/data/Oklahoma/Tribe/Wichita Climate Action Plan (9-18 Public Draft).pdf,['Oklahoma'],['Caddo'],['Anadarko City'],"['Wichita and Affiliated Tribes (Wichita', 'Keechi', 'Waco & Tawakonie)']",Tribe,Climate Adaptation & Mitigation
117,9bab3014242a1a521d4a8964e9c4a959d724b4cb,https://www.sciencebase.gov/catalog/item/5a7c87c7e4b00f54eb231aaf,E:/2026_capstone/policy_data/pdf_data/data/Oklahoma/Federal-Tribal Collab/cpn_climate_change_vulnerability_assessment_final_5.13.2016.pdf,['Oklahoma'],[],[],[],Federal-Tribal Collab,Climate Adaptation / Vulnerability Assessment
118,7eb242297b03163a2870e5ee23c5dd0a3e77889e,https://pawneenation.org/wp-content/uploads/2023/04/USDA-Invests-in-Pawnee-Nation.pdf,E:/2026_capstone/policy_data/pdf_data/data/Oklahoma/Federal-Tribal Collab/7eb242297b__USDA-Invests-in-Pawnee-Nation.pdf,['Oklahoma'],['Pawnee'],['Pawnee City'],['Pawnee Nation of Oklahoma'],Federal-Tribal Collab,Climate / Renewable Energy Deployment & Grant
119,385d074720440413ae8a1016b068df6d298bb7fc,https://www.southernclimate.org/wp-content/uploads/Climate_Adaptation_Meeting_Summary_Report.pdf,E:/2026_capstone/policy_data/pdf_data/data/Oklahoma/Federal-Tribal Collab/385d074720__Climate_Adaptation_Meeting_Summary_Report.pdf,['Oklahoma'],[],[],[],Federal-Tribal Collab,Climate Adaptation
120,a3c00be2759be644a949311f14838eb418b7706f,https://southcentralclimate.org/wp-content/uploads/2024/03/EvaluationReport_SouthCentralCASC-TribalEngagement_Feb2024.pdf,E:/2026_capstone/policy_data/pdf_data/data/Oklahoma/Federal-Tribal Collab/a3c00be275__EvaluationReport_SouthCentralCASC-TribalEngagement_Feb2024.pdf,['Oklahoma'],[],[],[],Federal-Tribal Collab,Climate Adaptation
121,f28486cceceb0fb1a2655314cf20060f1c88a0f2,https://www.sacandfoxnation-nsn.gov/wp-content/uploads/2023/08/september-web-final-1.pdf,E:/2026_capstone/policy_data/pdf_data/data/Oklahoma/Federal-Tribal Collab/f28486ccec__september-web-final-1.pdf,['Oklahoma'],"['Lincoln', 'Payne', 'Pottawatomie']",['Stroud City'],['Sac & Fox Nation of Oklahoma'],Federal-Tribal Collab,Energy / Clean Energy Infrastructure / Climate & Electrification
122,5a41cf6e0ecd633a982e1fb25fdf1b46f890751b,https://www.altus.af.mil/Portals/46/2021%20Altus%20AFB%20INRMP_1.pdf,E:/2026_capstone/policy_data/pdf_data/data/Oklahoma/City/5a41cf6e0e__2021 Altus AFB INRMP_1.pdf,['Oklahoma'],[],['Altus City'],[],City,
123,9d4862647cb16589bd97ea161626621d819cc491,https://ardmorecity.org/DocumentCenter/View/718/Hazard-Mitigation-Plan-2016-2021?bidId=,E:/2026_capstone/policy_data/pdf_data/data/Oklahoma/City/2016-06-03 Ardmore HMP.pdf,['Oklahoma'],[],['Ardmore City'],[],City,
124,e5222543346b2e41ed58f3fc28980071f34523b2,https://www.cityofbartlesville.org/wp-content/uploads/2024/11/REDUCED-FILE-SIZE-No-Appendices-Pages_Bartlesville_Endeavor_2045_Adopted.pdf,E:/2026_capstone/policy_data/pdf_data/data/Oklahoma/City/e522254334__REDUCED-FILE-SIZE-No-Appendices-Pages_Bartlesville_Endeavor_2045_Adopted.pdf,['Oklahoma'],[],['Bartlesville City'],[],City,
125,99153fa2f7da0ca7e82907069a24ea5fc4d2d219,https://www.brokenarrowok.gov/home/showpublisheddocument/3008/637317841696270000,E:/2026_capstone/policy_data/pdf_data/data/Oklahoma/City/Rain Gardens  A howto manual for homeowners.pdf,['Oklahoma'],[],['Broken Arrow City'],[],City,
126,f687a1308916ba76374a2465a2c5c230ea4b8c06,https://www.brokenarrowok.gov/home/showpublisheddocument/2932/637257591167830000,E:/2026_capstone/policy_data/pdf_data/data/Oklahoma/City/Low Impact Development Manual 2010.PDF,['Oklahoma'],[],['Broken Arrow City'],[],City,
127,a25078d041702287dbcdbac2197980b76020047a,https://www.brokenarrowok.gov/home/showpublisheddocument/2924/637257591149370000,E:/2026_capstone/policy_data/pdf_data/data/Oklahoma/City/Energy Master Plan.pdf,['Oklahoma'],[],['Broken Arrow City'],[],City,
128,d722f84384e418ba999baaad5dd1e6a78f16675e,https://claremore.com/wp-content/uploads/2022/08/Claremore-The-Future-City-ADOPTED_20190318_201905281124564362-1.pdf,E:/2026_capstone/policy_data/pdf_data/data/Oklahoma/City/d722f84384__Claremore-The-Future-City-ADOPTED_20190318_201905281124564362-1.pdf,['Oklahoma'],[],['Claremore City'],[],City,
129,d374ee4ec5700de95f8dd75f277f756cc463af08,https://drive.google.com/file/d/1viYIW-p1twuy9hgLjaQqxVJrlV29znSK/view,E:/2026_capstone/policy_data/pdf_data/data/Oklahoma/City/Envision Del City Comprehensive Plan 2044 - reduced rev 2.pdf,['Oklahoma'],[],['Del City'],[],City,
130,35a4331e664795716a4a94879daf333eaa6e1aa3,https://www.duncanok.gov/DocumentCenter/View/1161/11-Environment,E:/2026_capstone/policy_data/pdf_data/data/Oklahoma/City/11 Environment.pdf,['Oklahoma'],[],['Duncan City'],[],City,
131,00d2022e1ebc9dfd77125c99dd14bc7e835c8f04,https://www.lawtonok.gov/DocumentCenter/View/592/Dolese-Stormwater-Detention-Basin-Emergency-Action-Plan-PDF,E:/2026_capstone/policy_data/pdf_data/data/Oklahoma/City/Dolese Stormwater Detention Basin Emergency Action Plan (PDF).pdf,['Oklahoma'],[],['Lawton City'],[],City,
132,62f446f22334012d0bcdce2454e388fc79571bb0,https://cms8.revize.com/revize/mcalesterok/fire/1.pdf,E:/2026_capstone/policy_data/pdf_data/data/Oklahoma/City/62f446f223__1.pdf,['Oklahoma'],[],['McAlester City'],[],City,
133,051faa0867d95743674f1ef75c1c9d5935c2e54d,https://www.cityofmoore.com/departments/emergency-management/hazard-mitigation-plan,E:/2026_capstone/policy_data/pdf_data/data/Oklahoma/City/hazard-mitigation-plan-2020-final-20200514.pdf,['Oklahoma'],[],['Moore City'],[],City,
134,b3fd1b75184d8b01debaefda3d48e4117c4d65d0,https://www.epa.gov/system/files/documents/2024-03/5d-02f47301-0-acog-association-of-central-oklahoma-governments-pcap.pdf,E:/2026_capstone/policy_data/pdf_data/data/Oklahoma/City/b3fd1b7518__5d-02f47301-0-acog-association-of-central-oklahoma-governments-pcap.pdf,['Oklahoma'],[],['Oklahoma City'],[],City,Climate Change
135,1691c508acd2b956e38ab4c2bd30b9522a21c5c2,https://www.sandspringsok.gov/DocumentCenter/View/930/EOP2019?bidId=,E:/2026_capstone/policy_data/pdf_data/data/Oklahoma/City/EOP2019_202006111526363860.pdf,['Oklahoma'],[],['Sand Springs City'],[],City,
136,fb39fca7320fd54cc19aea5488e73fb86d0557e0,https://cms7files.revize.com/shawneeok/2019_10%20Shawnee%20Plan_Web.pdf,E:/2026_capstone/policy_data/pdf_data/data/Oklahoma/City/fb39fca732__2019_10 Shawnee Plan_Web.pdf,['Oklahoma'],[],['Shawnee City'],[],City,
137,b968c9bbc005181fda9dd66d4541d41c523faa9e,https://s3-us-west-2.amazonaws.com/mysocialpinpoint/uploads/redactor_assets/documents/ec9f39a60534a0a67d61c385dd665f3a2616a9ad3845ab81fc3c46984043fd0d/97376/DRAFT_Envision_Stillwater_2045_-_Revised_Publication_Edition_Compressed.pdf,E:/2026_capstone/policy_data/pdf_data/data/Oklahoma/City/b968c9bbc0__DRAFT_Envision_Stillwater_2045_-_Revised_Publication_Edition_Compressed.pdf,['Oklahoma'],[],"['Stillwater City', 'Tahlequah City']",[],City,
138,20a0910ebd3c8aafcfaa1ada7f8ad6413354681c,https://www.incog.org/Environmental_Planning/Documents/Tulsa%20MSA-PCAP.pdf,E:/2026_capstone/policy_data/pdf_data/data/Oklahoma/City/20a0910ebd__Tulsa MSA-PCAP.pdf,['Oklahoma'],['Tulsa'],['Tulsa City'],[],City,Climate Change
139,222d46cbed2d175b272f1d2b888b255ebe8a1c8a,https://www.cityoftulsa.org/media/26942/2024-hazard-mitigation-plan-final-with-resolutions.pdf,E:/2026_capstone/policy_data/pdf_data/data/Oklahoma/City/222d46cbed__2024-hazard-mitigation-plan-final-with-resolutions.pdf,['Oklahoma'],[],['Tulsa City'],[],City,
140,dc56a516fb7a44e77980523eda44789268e41a29,https://static1.squarespace.com/static/65e1fccc88437f3091f3713a/t/65fa04db84964727f5a912d4/1710884059994/Application+Narrative.pdf,E:/2026_capstone/policy_data/pdf_data/data/Oklahoma/County/dc56a516fb__Application+Narrative.pdf,['Oklahoma'],['Adair'],[],[],County,
141,d28a00cb23fe79868fa97a661f8ba183ffb0b62c,https://oklahoma.gov/owrb/news-and-events/press-releases/2025/adair-municipal-authority-receives-99500-grant-for-wastewater-system-improvements-from-the-owrb.html,E:/2026_capstone/policy_data/pdf_data/data/Oklahoma/County/adair-municipal-authority-receives-99500-grant-for-wastewater-system-improvements-from-the-owrb.pdf,['Oklahoma'],['Adair'],[],[],County,
142,cda6323f236b110a70b54afe8ae995405005601b,https://conservation.ok.gov/wp-content/uploads/2021/07/Adair.pdf,E:/2026_capstone/policy_data/pdf_data/data/Oklahoma/County/cda6323f23__Adair.pdf,['Oklahoma'],['Adair'],[],[],County,
143,3b70aa273ec2800f7ed6ca41210a8b1e294a6fdb,https://conservation.ok.gov/wp-content/uploads/2021/07/Atoka.pdf,E:/2026_capstone/policy_data/pdf_data/data/Oklahoma/County/3b70aa273e__Atoka.pdf,['Oklahoma'],['Atoka'],[],[],County,
144,480987ecd98ee9dc4ec6f5d66e181eb902a78370,https://www.epa.gov/system/files/documents/2023-12/beaver-county-climate-resilience-express-action-plan.pdf,E:/2026_capstone/policy_data/pdf_data/data/Oklahoma/County/480987ecd9__beaver-county-climate-resilience-express-action-plan.pdf,['Oklahoma'],['Beaver'],[],[],County,
145,52be878317afc468d568ab259ddc14cbd201f3bd,https://www.oeda.org/wp-content/uploads/2022/01/Beaver-County-Hazard-Mitigation-Plan.pdf,E:/2026_capstone/policy_data/pdf_data/data/Oklahoma/County/52be878317__Beaver-County-Hazard-Mitigation-Plan.pdf,['Oklahoma'],['Beaver'],[],[],County,
146,981f90004634ecf26cf596a7ad5083270a4caee9,https://conservation.ok.gov/wp-content/uploads/2021/07/Beckham.pdf,E:/2026_capstone/policy_data/pdf_data/data/Oklahoma/County/981f900046__Beckham.pdf,['Oklahoma'],['Beckham'],[],[],County,
147,14d60a3ca96f92bffbf049508b735614746af3de,https://conservation.ok.gov/wp-content/uploads/2021/07/Bryan.pdf,E:/2026_capstone/policy_data/pdf_data/data/Oklahoma/County/14d60a3ca9__Bryan.pdf,['Oklahoma'],['Bryan'],[],[],County,
148,089cbb3264b108ed9094c1aff940272c752407a7,https://digitalprairie.ok.gov/digital/collection/stgovpub/id/13706/,E:/2026_capstone/policy_data/pdf_data/data/Oklahoma/County/Caddo County Natural hazard mitigation plan.pdf,['Oklahoma'],['Caddo'],[],[],County,
149,f3e01f20c2487b3447d5291291d9259a73397a44,https://www.canadiancounty.org/889/Hazard-Mitigation-Plan,E:/2026_capstone/policy_data/pdf_data/data/Oklahoma/County/Canadian_County_Hazard_Mitigation_Plan.pdf,['Oklahoma'],['Canadian'],[],[],County,
150,f3e01f20c2487b3447d5291291d9259a73397a44,http://www.cartercountyema.org/original/files/Carter_County_2018_HMP_Public.pdf,E:/2026_capstone/policy_data/pdf_data/data/Oklahoma/County/Carter_County_2018_HMP_Public.pdf,['Oklahoma'],['Carter'],[],[],County,
151,f9ca655577ad5ffcdb36813683153565d5de0379,https://www.doi.gov/sites/doi.gov/files/migrated/restoration/news/upload/Tri-State_Mining_RP-Cherokee_County_12-2008.pdf,E:/2026_capstone/policy_data/pdf_data/data/Oklahoma/County/f9ca655577__Tri-State_Mining_RP-Cherokee_County_12-2008.pdf,['Oklahoma'],['Cherokee'],[],[],County,
152,988a445ca56464eff5e4d6f2755f92fd113029f9,https://www.normanok.gov/sites/default/files/documents/2020-07/Cleveland%20Co.%20HazMit%20FINAL%2005272020red.pdf,E:/2026_capstone/policy_data/pdf_data/data/Oklahoma/County/988a445ca5__Cleveland Co. HazMit FINAL 05272020red.pdf,['Oklahoma'],['Cleveland'],[],[],County,
153,dbc7f56f71bb553e9e0cd622e72ecad454d93962,https://conservation.ok.gov/wp-content/uploads/2021/07/Coal.pdf,E:/2026_capstone/policy_data/pdf_data/data/Oklahoma/County/dbc7f56f71__Coal.pdf,['Oklahoma'],['Coal'],[],[],County,
154,5647696d7b0fa2963dd43e40d632abf159790865,https://digitalprairie.ok.gov/digital/collection/stgovpub/id/10673/,E:/2026_capstone/policy_data/pdf_data/data/Oklahoma/County/Cotton County Natural hazard mitigation plan.pdf,['Oklahoma'],['Cotton'],[],[],County,
155,7933dc369609bb50eecac4a489009ad3515cfe1e,https://conservation.ok.gov/wp-content/uploads/2021/07/Craig.pdf,E:/2026_capstone/policy_data/pdf_data/data/Oklahoma/County/7933dc3696__Craig.pdf,['Oklahoma'],['Craig'],[],[],County,
156,7933dc369609bb50eecac4a489009ad3515cfe1e,https://conservation.ok.gov/wp-content/uploads/2021/07/Custer.pdf,E:/2026_capstone/policy_data/pdf_data/data/Oklahoma/County/7933dc3696__Custer.pdf,['Oklahoma'],['Custer'],[],[],County,
157,7933dc369609bb50eecac4a489009ad3515cfe1e,https://conservation.ok.gov/wp-content/uploads/2021/07/Delaware.pdf,E:/2026_capstone/policy_data/pdf_data/data/Oklahoma/County/7933dc3696__Delaware.pdf,['Oklahoma'],['Delaware'],[],[],County,
158,7933dc369609bb50eecac4a489009ad3515cfe1e,https://conservation.ok.gov/wp-content/uploads/2024/10/Dewey-County-Flood-Control-Dams-2017.pdf,E:/2026_capstone/policy_data/pdf_data/data/Oklahoma/County/7933dc3696__Dewey-County-Flood-Control-Dams-2017.pdf,['Oklahoma'],['Dewey'],[],[],County,
159,7933dc369609bb50eecac4a489009ad3515cfe1e,https://conservation.ok.gov/wp-content/uploads/2021/07/Garfield.pdf,E:/2026_capstone/policy_data/pdf_data/data/Oklahoma/County/7933dc3696__Garfield.pdf,['Oklahoma'],['Garfield'],[],[],County,
160,7933dc369609bb50eecac4a489009ad3515cfe1e,https://conservation.ok.gov/wp-content/uploads/2021/07/Garvin.pdf,E:/2026_capstone/policy_data/pdf_data/data/Oklahoma/County/7933dc3696__Garvin.pdf,['Oklahoma'],['Garvin'],[],[],County,
161,7933dc369609bb50eecac4a489009ad3515cfe1e,https://conservation.ok.gov/wp-content/uploads/2021/07/Grady.pdf,E:/2026_capstone/policy_data/pdf_data/data/Oklahoma/County/7933dc3696__Grady.pdf,['Oklahoma'],['Grady'],[],[],County,
162,1919a35ec1d5f1a9ff8d6e156d941c8474f6ff30,https://grant.okcounties.org/media/view/2023-60_1232.pdf,E:/2026_capstone/policy_data/pdf_data/data/Oklahoma/County/1919a35ec1__2023-60_1232.pdf,['Oklahoma'],['Grant'],[],[],County,
163,7933dc369609bb50eecac4a489009ad3515cfe1e,https://conservation.ok.gov/wp-content/uploads/2021/07/Harmon.pdf,E:/2026_capstone/policy_data/pdf_data/data/Oklahoma/County/7933dc3696__Harmon.pdf,['Oklahoma'],['Harmon'],[],[],County,
164,88fe449f1bde26c9aa1108ab8efa22d629c9c94c,https://www.oeda.org/wp-content/uploads/2020/12/HARPER-CO-HMPU-FINAL.pdf,E:/2026_capstone/policy_data/pdf_data/data/Oklahoma/County/88fe449f1b__HARPER-CO-HMPU-FINAL.pdf,['Oklahoma'],['Harper'],[],[],County,
165,65d6821463958fc757faa662b7f21f7533f1c348,https://www.swt.usace.army.mil/Portals/41/EufaulaDraftEAtoSMPSupplement.pdf,E:/2026_capstone/policy_data/pdf_data/data/Oklahoma/County/65d6821463__EufaulaDraftEAtoSMPSupplement.pdf,['Oklahoma'],['Haskell'],[],[],County,
166,15a3826f7edc8de40d71a2201f15614ddc458a99,https://conservation.ok.gov/wp-content/uploads/2021/07/Hughes.pdf,E:/2026_capstone/policy_data/pdf_data/data/Oklahoma/County/15a3826f7e__Hughes.pdf,['Oklahoma'],['Hughes'],[],[],County,
167,10e62a2fdf87fb27059fe78a55b1e49da307c0de,https://cms9files1.revize.com/jacksoncountyok/2024-2029%20Jackson%20County%20HMP%20FINAL.pdf,E:/2026_capstone/policy_data/pdf_data/data/Oklahoma/County/10e62a2fdf__2024-2029 Jackson County HMP FINAL.pdf,['Oklahoma'],['Jackson'],[],[],County,
168,dc32fc0d5f3c1e3819596601570eb6dff2a78c64,https://digitalprairie.ok.gov/digital/collection/stgovpub/id/13705/,E:/2026_capstone/policy_data/pdf_data/data/Oklahoma/County/Natural hazard mitigation plan Jefferson County.pdf,['Oklahoma'],['Jefferson'],[],[],County,
169,9715965f8d62d2dd35d68c8c95a1aa3b13c42ced,https://www.swt.usace.army.mil/Portals/41/Kaw_Draft_MasterPlan_08DEC2025.pdf,E:/2026_capstone/policy_data/pdf_data/data/Oklahoma/County/9715965f8d__Kaw_Draft_MasterPlan_08DEC2025.pdf,['Oklahoma'],['Kay'],[],[],County,
170,7933dc369609bb50eecac4a489009ad3515cfe1e,https://conservation.ok.gov/wp-content/uploads/2021/07/Kiowa.pdf,E:/2026_capstone/policy_data/pdf_data/data/Oklahoma/County/7933dc3696__Kiowa.pdf,['Oklahoma'],['Kiowa'],[],[],County,
171,65d6821463958fc757faa662b7f21f7533f1c348,https://www.swt.usace.army.mil/Portals/41/EufaulaDraftEAtoSMPSupplement.pdf,E:/2026_capstone/policy_data/pdf_data/data/Oklahoma/County/65d6821463__EufaulaDraftEAtoSMPSupplement.pdf,['Oklahoma'],"['Latimer', 'McIntosh', 'Muskogee', 'Okmulgee', 'Osage']",[],[],County,
172,7933dc369609bb50eecac4a489009ad3515cfe1e,https://conservation.ok.gov/wp-content/uploads/2021/07/LeFlore.pdf,E:/2026_capstone/policy_data/pdf_data/data/Oklahoma/County/7933dc3696__LeFlore.pdf,['Oklahoma'],['Le Flore'],[],[],County,
173,457d5036d204d7dd867b46b06ffead963fdcb843,https://logancountynd.com/image3/files/60a4c07d351ec85298a81a760509f5633db7f0ad.pdf,E:/2026_capstone/policy_data/pdf_data/data/Oklahoma/County/457d5036d2__60a4c07d351ec85298a81a760509f5633db7f0ad.pdf,['Oklahoma'],['Logan'],[],[],County,
174,7933dc369609bb50eecac4a489009ad3515cfe1e,https://conservation.ok.gov/wp-content/uploads/2021/07/Love.pdf,E:/2026_capstone/policy_data/pdf_data/data/Oklahoma/County/7933dc3696__Love.pdf,['Oklahoma'],['Love'],[],[],County,
175,7933dc369609bb50eecac4a489009ad3515cfe1e,https://conservation.ok.gov/wp-content/uploads/2021/07/Major.pdf,E:/2026_capstone/policy_data/pdf_data/data/Oklahoma/County/7933dc3696__Major.pdf,['Oklahoma'],['Major'],[],[],County,
176,7933dc369609bb50eecac4a489009ad3515cfe1e,https://conservation.ok.gov/wp-content/uploads/2021/07/Mayes.pdf,E:/2026_capstone/policy_data/pdf_data/data/Oklahoma/County/7933dc3696__Mayes.pdf,['Oklahoma'],['Mayes'],[],[],County,
177,051faa0867d95743674f1ef75c1c9d5935c2e54d,https://mcclain-co-ok.us/wp-content/uploads/2024/09/McClain-County-Hazard-Mitigation-Plan-2021.pdf,E:/2026_capstone/policy_data/pdf_data/data/Oklahoma/County/051faa0867__McClain-County-Hazard-Mitigation-Plan-2021.pdf,['Oklahoma'],['McClain'],[],[],County,
178,7933dc369609bb50eecac4a489009ad3515cfe1e,https://conservation.ok.gov/wp-content/uploads/2021/07/McCurtain.pdf,E:/2026_capstone/policy_data/pdf_data/data/Oklahoma/County/7933dc3696__McCurtain.pdf,['Oklahoma'],['McCurtain'],[],[],County,
179,42fc4cbfca7175be9b4e11b1adc7cb7316209e93,https://www.swrdc.org/wp-content/uploads/2014/07/Murray-County-AHMP.pdf,E:/2026_capstone/policy_data/pdf_data/data/Oklahoma/County/42fc4cbfca__Murray-County-AHMP.pdf,['Oklahoma'],['Murray'],[],[],County,
180,7933dc369609bb50eecac4a489009ad3515cfe1e,https://conservation.ok.gov/wp-content/uploads/2021/07/Noble.pdf,E:/2026_capstone/policy_data/pdf_data/data/Oklahoma/County/7933dc3696__Noble.pdf,['Oklahoma'],['Noble'],[],[],County,
181,7933dc369609bb50eecac4a489009ad3515cfe1e,https://conservation.ok.gov/wp-content/uploads/2021/07/Nowata.pdf,E:/2026_capstone/policy_data/pdf_data/data/Oklahoma/County/7933dc3696__Nowata.pdf,['Oklahoma'],['Nowata'],[],[],County,
182,b0c9b6849e1b157948ea7a2e44612ae4f0c06e05,https://www.oklahomacounty.org/Portals/0/Images/Emergency%20Management/OK%20CO%20HMP%202024%20Web.pdf?ver=QYVjez-PWbr-0g73bMBaKg%3D%3D,E:/2026_capstone/policy_data/pdf_data/data/Oklahoma/County/b0c9b6849e__OK CO HMP 2024 Web.pdf,['Oklahoma'],['Oklahoma'],[],[],County,
183,747f08519a5b466e92e5953a7802887c5d1bac50,https://www.bia.gov/sites/default/files/dup/assets/public/pdf/idc1-030671.pdf,E:/2026_capstone/policy_data/pdf_data/data/Oklahoma/County/747f08519a__idc1-030671.pdf,['Oklahoma'],['Osage'],[],[],County,
184,8e53b1bca8b63130353f8b5f50c33cc39078bdfb,https://www.meramecregion.org/wp-content/uploads/2018/03/Osage-HMP-Draft-2018-web.pdf,E:/2026_capstone/policy_data/pdf_data/data/Oklahoma/County/8e53b1bca8__Osage-HMP-Draft-2018-web.pdf,['Oklahoma'],['Osage'],[],[],County,
185,1f913afdf3dcb30fc15892977120adfc62c1ac37,https://www.southernclimate.org/wp-content/uploads/Climate_Miami.pdf,E:/2026_capstone/policy_data/pdf_data/data/Oklahoma/County/1f913afdf3__Climate_Miami.pdf,['Oklahoma'],['Ottawa'],[],[],County,
186,c4298003b9ffb9896888123edcf287f822b6f683,https://pittsburg.okcounties.org/file/2022-03-07.2_1623.pdf,E:/2026_capstone/policy_data/pdf_data/data/Oklahoma/County/c4298003b9__2022-03-07.2_1623.pdf,['Oklahoma'],['Pittsburg'],[],[],County,
187,04d2f3fe44c57289a97c1837c2a31201fdad880d,https://adaok.com/files/HazardMitigationPlan.pdf,E:/2026_capstone/policy_data/pdf_data/data/Oklahoma/County/04d2f3fe44__HazardMitigationPlan.pdf,['Oklahoma'],['Pontotoc'],[],[],County,
188,7933dc369609bb50eecac4a489009ad3515cfe1e,https://conservation.ok.gov/wp-content/uploads/2021/07/Roger-Mills.pdf,E:/2026_capstone/policy_data/pdf_data/data/Oklahoma/County/7933dc3696__Roger-Mills.pdf,['Oklahoma'],['Roger Mills'],[],[],County,
189,0fc347856e243830d90e3c9c9aaad0b984b1c911,https://www.rogerscounty.org/DocumentCenter/View/217/Flood-Damage-Prevention-Ordinance-PDF,E:/2026_capstone/policy_data/pdf_data/data/Oklahoma/County/Flood Damage Prevention Ordinance (PDF)_1.pdf,['Oklahoma'],['Rogers'],[],[],County,
190,dd4068fa775a86455670ad5e6e33bddf5d25c24c,https://seminolecountyok.com/docs/uploads/SEMINOLE%20COUNTY%20FLOOD%20DAMAGE%20PREVENTION%20ORDINANCES%20AND%20PERMIT%20APPLICATION.pdf,E:/2026_capstone/policy_data/pdf_data/data/Oklahoma/County/dd4068fa77__SEMINOLE COUNTY FLOOD DAMAGE PREVENTION ORDINANCES AND PERMIT APPLICATION.pdf,['Oklahoma'],['Seminole'],[],[],County,
191,7933dc369609bb50eecac4a489009ad3515cfe1e,https://conservation.ok.gov/wp-content/uploads/2021/07/Seminole.pdf,E:/2026_capstone/policy_data/pdf_data/data/Oklahoma/County/7933dc3696__Seminole.pdf,['Oklahoma'],['Seminole'],[],[],County,
192,7933dc369609bb50eecac4a489009ad3515cfe1e,https://conservation.ok.gov/wp-content/uploads/2021/07/Stephens.pdf,E:/2026_capstone/policy_data/pdf_data/data/Oklahoma/County/7933dc3696__Stephens.pdf,['Oklahoma'],['Stephens'],[],[],County,
193,43768be949bd4f714c28342a1cc35c53d13c5119,https://digitalprairie.ok.gov/digital/collection/stgovpub/id/10622/,E:/2026_capstone/policy_data/pdf_data/data/Oklahoma/County/Tillman County Natural hazard mitigation plan.pdf,['Oklahoma'],['Tillman'],[],[],County,
194,d374ed8b3c4209b0cdaed2987992c6ed77a5409c,https://wagonercounty.ok.gov/DocumentCenter/View/4407/Persica-Solar-CUP-Responses,E:/2026_capstone/policy_data/pdf_data/data/Oklahoma/County/Persica Solar CUP Responses.pdf,['Oklahoma'],['Wagoner'],[],[],County,
195,9c35990a272f1eab566d9403bfd2d6345c44f3a8,https://cityofcordell.com/documents/145/Washita_County_Updated_Plan__wecompress.com_.pdf,E:/2026_capstone/policy_data/pdf_data/data/Oklahoma/County/9c35990a27__Washita_County_Updated_Plan__wecompress.com_.pdf,['Oklahoma'],['Washita'],[],[],County,
