State ,County Name,City Name,Tribe Name,Policy Name,Policy Level,Policy Type (Climate/Energy/Weather/etc.),Links to PDF
Arizona,,,,"Arizona Drought Preparedness Plan, 2004",State,Drought Plan,https://www.azwater.gov/sites/default/files/media/2004%20Arizona%20Drought%20Preparedness%20Plan.pdf
Arizona,,,,"State of Arizona Hazard Mitigation Plan, 2023",State,Hazard Mitigation Plan,https://dema.az.gov/sites/default/files/2023-11/SHMP_2023_Final.pdf
Arizona,,,,"Priority Climate Action Plan State of Arizona, 2025",State,Climate Action Plan,https://resilient.az.gov/sites/default/files/2025-01/the-clean-arizona-plan.pdf
Arizona,,,,"Arizona State Emergency Response and Recovery Plan, 2025",State,Emergency Plan,https://dema.az.gov/sites/default/files/publications/EM-PLN_SERRP.pdf
Arizona,,,,"ARIZONA WATER BANKING AUTHORITY ANNUAL PLAN OF OPERATION, 2025",State,Water banking,https://waterbank.az.gov/sites/default/files/2024-12/2024.12.09_AWBA-2025-Plan-of-Operation-FINAL.pdf
Arizona,Apache,,,Apache County multi-jurisdictional Hazard Mitigation Plan 2017,County,Hazard Mitigation Plan,https://www.apachecountyaz.gov/accnt_591117/site_591118/Documents/Hazard-Mitigation-Plan.pdf
Arizona,Cochise,,,Cochise County multi-jurisdictional Hazard Mitigation Plan 2022,County,Hazard Mitigation Plan,https://www.cochise.az.gov/DocumentCenter/View/10093/Cochise-County-Multi-Jurisdictional-Plan-2022-Final-PDF?bidId=
Arizona,Coconino,,,Coconino County multi-jurisdictional Hazard Mitigation Plan 2021,County,Hazard Mitigation Plan,https://www.coconino.az.gov/DocumentCenter/View/49402/2021-Coconino-MJHMP-FINAL-152022
Arizona,Gila,,,Gila County multi-jurisdictional Hazard Mitigation Plan 2019,County,Hazard Mitigation Plan,https://cms3.revize.com/revize/gilaaz/government/health_and_emergency_services/gilaem_eoc/docs/GC_MJHMP_Final_10.08.19.pdf
Arizona,Pima,,,Pima County multi-jurisdictional Hazard Mitigation Plan 2022,County,Hazard Mitigation Plan,https://content.civicplus.com/api/assets/38f93fea-bcd2-4682-82d9-6907c202eba0
Arizona,Pinal,,,Pinal County multi-jurisdictional Hazard Mitigation Plan 2022,County,Hazard Mitigation Plan,https://www.pinal.gov/DocumentCenter/View/7436/2022-Pinal-County-Multi-Jurisdictional-Hazard-Mitigation-Plan-PDF
Arizona,Santa Cruz,,,Santa Cruz County multi-jurisdictional Hazard Mitigation Plan 2024,County,Hazard Mitigation Plan,https://www.santacruzcountyaz.gov/DocumentCenter/View/20240/Santa-Cruz-County-Multi-Jurisdictional-Hazard-Mitigation-Plan-2024-?bidId=
Arizona,Yavapai,,,Yavapai County multi-jurisdictional Hazard Mitigation Plan 2023,County,Hazard Mitigation Plan,https://www.yavapaiready.gov/files/sharedassets/public/v/1/resident-services/environmental-safety/documents/2023-yavapai-county-hazard-mitigation-plan-rev-e1_reduced-1.pdf
Arizona,Yuma,,,Yuma County multi-jurisdictional Hazard Mitigation Plan 2019,County,Hazard Mitigation Plan,https://www.yumacountyaz.gov/home/showpublisheddocument/41739/637165746725670000
Arizona,La Paz,,,La Paz County multi-jurisdictional Hazard Mitigation Plan 2020,County,Hazard Mitigation Plan,https://www.lapaz.gov/DocumentCenter/View/6282/2020-La-Paz-County-Multi-Jurisdictional-Hazard-Mitigation-Plan--FEMA-Approved
Arizona,Maricopa,,,Maricopa County multi-jurisdictional Hazard Mitigation Plan 2022,County,Hazard Mitigation Plan,https://www.maricopa.gov/1760/Hazard-Mitigation
Arizona,Mohave,,,Mohave County multi-jurisdictional Hazard Mitigation Plan 2022,County,Hazard Mitigation Plan,https://www.lhcaz.gov/docs/default-source/department-documents/hazardmitigationplan.pdf?sfvrsn=b86e2a7c_11
Arizona,Navajo,,,Navajo County multi-jurisdictional Hazard Mitigation Plan 2024,County,Hazard Mitigation Plan,https://www.navajocountyaz.gov/DocumentCenter/View/5682/Navajo-MJHMP-2024--6102025-FINAL?bidId=
Arizona,Cochise,,,"Cochise County Comprehensive Plan, 2015",County,Comprehensive Plan,https://www.cochise.az.gov/DocumentCenter/View/136/Cochise-County-Comprehensive-Plan-PDF?bidId=
Arizona,Cochise,,,"Sierra Vista Sub-Watershed Water Conservation and Management Policy Plan, 2006",County,Water Plan,https://www.cochise.az.gov/DocumentCenter/View/24417/Sierra-Vista-Sub-Watershed-Water-Policy-Plan-PDF?bidId=
Arizona,Cochise,,,"Cochise County Local Emergency Planning Committee Hazardous Materials Response Plan, 2025",County,Emergency Plan,https://www.cochise.az.gov/DocumentCenter/View/498/Local-Emergency-Response-Committee-Hazardous-Materials-Plan-PDF
Arizona,Coconino,,,"Coconino County Comprehensive Plan, 2003",County,Comprehensive Plan,https://www.coconino.az.gov/DocumentCenter/View/2992/County-Comprehensive-Plan
Arizona,Graham,,,"Graham County Comprehensive Plan, 1996",County,Comprehensive Plan,https://www.graham.az.gov/DocumentCenter/View/574/County-Zoning-Ordinance-PDF?bidId=
Arizona,Greenlee,,,2003 Greenlee County Comprehensive Plan,County,Comprehensive Plan,https://greenlee.az.gov/wp-content/uploads/2020/07/Zoning-Comprehensive-Plan.pdf
Arizona,Greenlee,,,FLOODPLAIN MANAGEMENT ORDINANCE,County,Flood Ordinance,https://greenlee.az.gov/wp-content/uploads/2020/07/Floodplains-Ordinance.pdf
Arizona,Maricopa,,,"Community Wildfire Protection Plan, 2020",County,Wildfire Plan,https://www.maricopa.gov/DocumentCenter/View/59954/2019-Maricopa-County-CWPP-Update_Final
Arizona,Pinal,,,PINAL ACTIVE MANAGEMENT AREA FOURTH MANAGEMENT PLAN,County,FOURTH Plan,https://www.azwater.gov/sites/default/files/media/PINAL_FINAL_DEC2020_0.pdf
Arizona,Santa Cruz,,,"Santa Cruz County FOURTH MANAGEMENT PLAN, 2020",County,FOURTH Plan,https://www.azwater.gov/sites/default/files/media/SCAMA%20FINAL%2010-20-2020.pdf
Arizona,Yuma,Yuma City,,"City of Yuma / Yuma County Joint Land Use Plan, 2005",County,Land Use Plan,https://dema.az.gov/sites/default/files/2023-09/MAC-RCP_JLUP-Yuma_2005-Nov.pdf
Arizona,"Maricopa, Pinal",,,"Maricopa-Pinal County Region Priority Climate Action Plan, 2024",County,Climate Action Plan,https://www.epa.gov/system/files/documents/2024-03/maricopa-pinal-county-region-priority-climate-action-plan.pdf
Arizona,,Town of Camp Verde,,"STORM WATER MANAGEMENT PLAN, 2024",City,Water plan,https://webgen1files1.revize.com/campverdetmpaz/Documents/Services/Utilities/Stormwater/1Current%2020240510%20Storm%20Water%20Management%20Plan%202024.pdf?t=202509160920570&t=202509160920570
Arizona,,Phoenix City,,"Phoenix City Water Resource Plan, 2021",City,Water Plan,https://www.phoenix.gov/content/dam/phoenix/waterservicessite/documents/2021%20city%20of%20phoenix%20water%20resource%20plan.pdf
Arizona,,Phoenix City,,"City of Phoenix 2025 Heat Response Plan, 2025",City,Heat Plan,https://www.phoenix.gov/content/dam/phoenix/heatsite/documents/FINAL%20-%202025%20HEAT%20RESPONSE%20PLAN.pdf
Arizona,,Phoenix City,,Phoenix City Sustainable Desert Development Policy,City,Sustainable Development,https://www.phoenix.gov/content/dam/phoenix/waterservicessite/documents/sustainable_desert_dev_policy_res_22129.pdf
Arizona,,Tucson City,,Tucson City Framework for Advancing Sustainability,City,Sustainable Development,https://www.tucsonaz.gov/files/sharedassets/public/v/1/city-services/planning-development-services/documents/cms1_032816.pdf
Arizona,,Tucson City,,"Tucson Plan, 2025",City,Comprehensive Plan,https://www.tucsonaz.gov/files/sharedassets/public/v/1/pdsd/documents/plan-tucson-2025/general-plan-update-final-document/pt2025-chapter-5.pdf
Arizona,,Tucson City,,"Tucson City DROUGHT PREPAREDNESS AND RESPONSE PLAN, 2021",City,Drought Plan,https://www.tucsonaz.gov/files/sharedassets/public/v/1/city-services/tucson-water/documents/drought_preparedness_and_response_plan_june_28_2021_update.pdf
Arizona,,Glendale City,,"CITY OF GLENDALE DROUGHT MANAGEMENT PLAN, 2022",City,Drought Plan,https://www.glendaleaz.gov/files/assets/city/v/1/water/documents/water-services/water-conservation-and-sustainable-living/city-of-glendale-drought-management-plan-2022.pdf
Arizona,,Glendale City,,"CITY OF GLENDALE STORMWATER MANAGEMENT PROGRAM, 2024",City,Water Management,https://www.glendaleaz.gov/files/assets/city/v/1/city-clerk/documents/environmental-protection/sept-2024-swmp.pdf
Arizona,,Scottsdale City,,Scottsdale Community Sustainability Plan,City,Sustainability Development,https://eservices.scottsdaleaz.gov/planning/projectsummary/unrelated_documents/022223_SEAC_Item1.pdf
Arizona,,,Havasupai Tribe,"Plan to Reduce Harm from Hazards to Havasu Baaja, 2022",Tribe,Hazard Mitigation Plan,https://theofficialhavasupaitribe.com/files/Havasupai-Hazard-Mitigation-Plan-2022-Draft-Nov.-18-2022.pdf
Arizona,,,Hopi Tribe,Hopi Tribe Hazard Mitigation Plan 2015,Tribe,Hazard Mitigation Plan,https://www.hopi-nsn.gov/wp-content/uploads/2016/06/Hopi-Hazard-Mitigation-Plan.pdf
Arizona,,,Kaibab- Paiute Tribe,"Southern Paiute Participation in the Glen Canyon Adaptive Management Program A Ten Year Review, 2007",Tribe,Adaptive Management report,https://cms2.revize.com/revize/kaibabaz/Document%20Center/GCDAMP/TenYearSummaryReport-final.pdf
Arizona,,,White Mountain Apache Tribe,WHITE MOUNTAIN AРАCHЕ TRIBE ENVIRONMENTAL CODE. 2015,Tribe,Environmental Code,http://www.wmat.us/Legal/00%20-%20Environmental%20Code%20-%20051815%20IN%20EFFECT.pdf
Arizona,,,Navajo,"Climate Adaptation Plan for the Navajo Nation, 2018",Tribe,Climate Adaptation plan,https://www.nndfw.org/docs/Climate%20Change%20Adaptation%20Plan.pdf
New Mexico,,,,NEW MEXICO CLIMATE ADAPTATION AND RESILIENCE PLAN,State,Climate,https://www.env.nm.gov/climateaction/wp-content/uploads/sites/39/2024/07/NM-C.A.R.P._03.06.24_Updated.pdf
New Mexico,Taos,,,A JOINT RESOLUTION ON THE DEVELOPMENT OF RENEWABLE ENERGY IN TAOS COUNTY AND NORTH CENTRAL NEW MEXICO,County,Energy,https://renewabletaos.org/wp-content/uploads/Joint-Resolution-on-Renewable-Energy-2-9-2014.pdf
New Mexico,Rio Arriba,,,"Rio Arriba County, New Mexico Local Hazard Mitigation Plan Update",County,Hazard Mitigation Plan,https://www.rio-arriba.org/files/assets/county/v/1/fireem/documents/hazard_mitigation_plan.pdf
New Mexico,Rio Arriba,,,Rio Arriba County Hazard Mitigation Plan,County,Hazard Mitigation Plan,https://www.rio-arriba.org/files/assets/county/v/1/fireem/documents/hazard_mitigation.pdf
New Mexico,Santa Fe,,,2023 Community GHG Climate Action Plan,County,Climate,https://www.santafecountynm.gov/uploads/documents/Exhibit_B_-_Santa_Fe_County_Climate_Action_Plan_I_Pages_1-211.pdf
New Mexico,Sandoval,,,Sandoval County Natural Hazards Mitigation Plan,County,Hazard Mitigation Plan,https://www.sandovalcountynm.gov/wp-content/uploads/2019/10/NationalHazardsMitigatioinPlan2019.pdf
New Mexico,Luna,,,2022 Comprehensive Plan,County,Comprehensive Plan,https://swnmcog.org/wp-content/uploads/2023/09/Luna-County-2022-Comp-Plan-2-1.pdf
New Mexico,McKinley,,,Multi-Jurisdictional Natural Hazard Mitigation Plan,County,Comprehensive Plan,http://mcoem.com/wp-content/uploads/2013/02/McKinley-County-HMP-Final-10142014.pdf
New Mexico,Cibola,,,Cibola National Forest Land Management Plan ,County,Environmental Programs,https://www.fs.usda.gov/sites/nfs/files/legacy-media/cibola/20210812_CibolaEISVol3-WEB-508.pdf
New Mexico,Valencia,,,long-range conservation plan,County,"Soil, Water",https://valenciaswcd-nm.gov/wp-content/uploads/2025/09/VSWCDSurveyLRCPFinal05.15.25-2.pdf
New Mexico,San Juan,,,San Juan County Comprehensive Plan – Climate Element,County,Climate,https://www.sanjuancountywa.gov/DocumentCenter/View/32089/2025-03-05_Draft_Climate_Element_Staff-Report_PC?bidId=
New Mexico,San Juan,,,San Juan County Comprehensive Plan 2025-2045,County,Climate,https://www.sanjuancountywa.gov/DocumentCenter/View/32518/2025-05-01_Draft_Element-11---Climate?bidId=
New Mexico,Socorro,,,BUREAU OF LAND MANAGEMENT,County,Resource Management Plan (need to use this link to download PDF,https://eplanning.blm.gov/public_projects/lup/56599/67448/73390/RMP_Socorro_2010_08_20.pdf
New Mexico,Catron,,,Catron County CIP/Comprehensive Plan,County,Comprehensive Plan,https://swnmcog.org/wp-content/uploads/2022/06/Catron-County-Comprehensive-Plan-3-07-Complete-Final.pdf
New Mexico,Chaves,,,CHAVES COUNTY COMPREHENSIVE PLAN,County,Comprehensive Plan,https://bhinc.com/wp-content/uploads/2023/08/Chavez-County-Comprehensive-Plan.pdf
New Mexico,Colfax,,,Colfax County Community Wildfire Protection Plan 2022 Update,County,"Comprehensive Plan, Wildfire",https://www.emnrd.nm.gov/sfd/wp-content/uploads/sites/4/Final_2022_Colfax_CWPP_signed.pdf
New Mexico,Colfax,,,Comprehensive Plan,County,,https://colfaxcountyne.gov/wp-content/uploads/sites/30/2025/06/Comprehensive_Plan.pdf
New Mexico,Curry,,,Curry County Natural Hazard Mitigation Plan,County,"Hazard Mitigation Plan, Action Plan",https://cms6.revize.com/revize/currycountyor/CurryNHMP_VolumeI_2015_sm.pdf
New Mexico,Curry,,,CURRY ACTION PLAN,County,,https://www.currywatersheds.org/wp-content/uploads/2020/02/Curry-Action-Plan.pdf
New Mexico,De Baca,,,DE BACA COUNTY COMMUNITY WILDFIRE PROTECTION PLAN,County,Wildfire,https://www.emnrd.nm.gov/sfd/wp-content/uploads/sites/4/DeBacaFinalCWPP2.pdf
New Mexico,Grant,,,Grant County Comprehensive Plan,County,Comprehensive Plan,https://swnmcog.org/wp-content/uploads/2022/06/2017-Grant-County-Comprehensive-Plan.pdf
New Mexico,Hidalgo,,,Hidalgo County Comprehensive Plan Update,County,Comprehensive Plan,https://swnmcog.org/wp-content/uploads/2022/06/Hidalgo-Comp-Plan-Dec_2011.pdf
New Mexico,Lincoln,,,MULTI-JURISDICTIONAL HAZARD MITIGATION PLAN UPDATE,County,Hazard Mitigation Plan,"https://www.ruidoso-nm.gov/multi-jurisdictional-hazard-mitigation-plan
https://drive.google.com/file/d/16SOPBWKCaMgE3gpOC1ec9CTcsDTBBQdC/view"
New Mexico,Quay,,,Quay County Comprehensive Plan,County,Comprehensive Plan,https://www.quaycounty-nm.gov/quaycounty/wp-content/uploads/2024/10/QuayFinalPlan_100124_Adopted.pdf
New Mexico,Roosevelt,,,Roosevelt Soil and Water Conservation District LAND USE PLAN,County,"Land Use, Energy",https://www.rooseveltcounty.com/wp-content/uploads/2017/02/RooseveltLandUsePlan-3-3-16Final-update.pdf
New Mexico,Roosevelt,,,The Roosevelt Project,County,,https://ceepr.mit.edu/wp-content/uploads/2022/12/2022-The-Roosevelt-Project-New-Mexico-Case-Study.pdf
New Mexico,Torrance,,,Local Hazard Mitigation Plan Update,County,Hazard Mitigation Plan,https://www.moriartynm.org/uploads/PDF/May%25202025%2520Torrance%2520County%2520New%2520Mexico%2520Local%2520Hazard%2520Mitigation%2520Plan%2520Update.pdf
New Mexico,,Rio Rancho City,,City of Rio Rancho Sustainability Plan,City,Sustainability (need to download,https://www.rrnm.gov/1835/Sustainability-Plan
New Mexico,,Gallup City,,"Climate Action Plan Community Conversations",City,Climate,https://www.climateaction.nm.gov/wp-content/uploads/2025/04/Gallup-Notes-Final-2.20.2025.pdf
New Mexico,,Bloomfield City,,Bloomfield Climate Emergency Resolution,City,Climate,https://bloomfieldct.gov/DocumentCenter/View/2803/Bloomfield-Climate-Emergency-Resolution-51021
New Mexico,,Ruidoso Downs City,,MULTI-JURISDICTIONAL HAZARD MITIGATION PLAN UPDATE,City,Hazard Mitigation Plan (Same as Lincoln County Policy),https://drive.google.com/file/d/16SOPBWKCaMgE3gpOC1ec9CTcsDTBBQdC/view
New Mexico,,Portales City,,PORTALES COMPREHENSIVE PLAN,City,Comprehensive Plan,https://cms8.revize.com/revize/portales/Document%20Center/Service/Planning%20&%20Zoning/Portales_CompPlan_Adopted_7-26-23.pdf
New Mexico,,Artesia City,,CITY OF ARTESIA COMPREHENSIVE PLAN UPDATE 2012,City,Comprehensive Plan,https://artesianm.gov/DocumentCenter/View/670/2012-Final-Comp-Plan
New Mexico,,Sunland Park City,,Sunland Park Binational Comprehensive Plan 2045,City,Comprehensive Plan,https://sunlandpark-nm.gov/wp-content/uploads/2025/10/Sunland-Park-Binational-Comprehensive-Plan-2045-10.30.25-.pdf
New Mexico,,Clovis City,,COMPREHENSIVE PLAN 2018,City,Comprehensive Plan,https://www.cityofclovis.org/wp-content/uploads/2018/12/Adopted-City-of-Clovis-Comprehensive-Plan-12.13.18.pdf
New Mexico,,Las Cruces City,,City of Las Cruces Climate Action Plan,City,Climate Action Plan,https://lascruces.gov/wp-content/uploads/2024/06/LC-Climate-Action-Plan-Report-July-2020.pdf
New Mexico,Cibola,,Acoma Pueblo,Pueblo of Acoma Water Quality Standards,Tribe,Water,https://www.epa.gov/sites/default/files/2014-10/documents/acoma-wqs.pdf
New Mexico,"Valencia, Bernalillo",,Isleta Pueblo,Pueblo of Isleta Tribal Hazard Mitigation Plan,Tribe,Hazard Mitigation Plan,https://www.isletapueblo.com/wp-content/uploads/2022/06/IFD-Isleta-HMP-FInal-Draft-6-9-2022-2.pdf
New Mexico,"E-Bernalillo, G-Cibola, L-Socorro, D-Sandoval, B-Rio Arriba, H-McKinley, K-San Juan",,"Navajo Nation E, G, D, B, K, L, H",Navajo Nation Community Leaders Climate Change Adaptation Planning Workshop: Establishing Natural Resource Priorities,Tribe,Climate,https://www.nndfw.org/docs/Navajo%20Nation%20Community%20Leaders%20Climate%20Change%20report.pdf
,,,,Climate Adaptation Plan for the Navajo Nation,Tribe,,https://www.nndfw.org/docs/Climate%20Change%20Adaptation%20Plan.pdf
Oklahoma,,,,An Assessment of the Climate-Related Needs of Oklahoma Decision Makers,Federal,,https://www.southernclimate.org/wp-content/uploads/OK_Climate_Needs_Assessment_Report_Final.pdf
Oklahoma,,,,Fostering Partnerships for Drought Contingency Plan,Federal,,https://www.fws.gov/project/fostering-partnerships-drought-contingency-plan
Oklahoma,,,,EPA Region 6 Climate Adaptation Implemention Plan,Federal,,https://www.epa.gov/system/files/documents/2022-10/bh508-R06%20EPA%20CAIP_Submitted_October2022_508.pdf
Oklahoma,Hughes,Wetumka City,Alabama-Quassarte Tribal Town,Consensus-based Planning for Strategic Tribal Renewable Energy,Federal,Energy / Climate & Renewable Energy Strategy,https://www.energy.gov/sites/default/files/2023-11/Arguello_Report_SAND_SAND2023-09029.pdf
Oklahoma,,,,"Programmatic Agreement among FEMA, Alabama agencies, and federally recognized Tribes",Federal,Disaster Response / Hazard Mitigation / Climate Resilience,https://www.hudexchange.info/sites/onecpd/assets/File/AL-FEMA-Prototype-2014-PA-Section-106.pdf
Oklahoma,Caddo,Apache City,Fort Sill Apache Tribe of Oklahoma,EPA Indian Environmental General Assistance Program (GAP) Guidance,Federal,Environmental / Tribal Capacity Building,https://kawerak.org/wp-content/uploads/2019/04/GAP-guidance.pdf
Oklahoma,,,,Clean Water Act §106 Water Quality Monitoring Program,Federal,Water Quality / Environmental Monitoring,https://www.epa.gov/system/files/documents/2022-12/clean-water-act-section-106-tribal-guidance.pdf
Oklahoma,,,,Water Settlement Agreement – Choctaw Nation & Chickasaw Nation with State & City,Federal,Water Rights / Water Resource Management ,https://www.choctawnation.com/wp-content/uploads/2025/08/cno-water-settlement-agreement.pdf
Oklahoma,Caddo,Anadarko City,Delaware Nations,RA Clean Air Act Grant Application Guidance,Federal,Air quality,https://www.epa.gov/system/files/documents/2023-02/ira-caa-grant-application-guidance.pdf
Oklahoma,Pittsburg,Haskell City,Modoc Tribe of Oklahoma,Tribal Engagement Strategy of the South Central Climate Science Center (USGS Circular 1396),Federal,Climate Adaptation,https://pubs.usgs.gov/circ/1396/pdf/circ1396.pdf
Oklahoma,,,,Nonpoint Source Management Programs,Federal,Environmental Protection / Water Quality / Nonpoint Source Pollution Control,https://www.govinfo.gov/content/pkg/USCODE-2010-title33/pdf/USCODE-2010-title33-chap26-subchapIII-sec1329.pdf
Oklahoma,,,,Positive Energy® Smart Grid Integration Program,Federal,Energy Infrastructure / Smart Grid,https://www.energy.gov/sites/default/files/2017/08/f36/OGE_Project_Description.pdf
Oklahoma,,,,Oklahoma Energy Security Plan,State,,https://www.okcommerce.gov/wp-content/uploads/Oklahoma-Energy-Security-Plan.pdf
Oklahoma,,,,Oklahoma’s Priority Action Plan,State,Climate Action Plan,https://www.epa.gov/system/files/documents/2024-03/oklahoma-cprg-priority-action-plan.pdf
Oklahoma,,,,STANDARD HAZARD MITIGATION PLAN FOR THE GREAT STATE OF OKLAHOMA,State,Hazard Mitigation Plan,https://oklahoma.gov/content/dam/ok/en/oem/documents/SHMP%202024.pdf
Oklahoma,,,,OKLAHOMA FORESTRY SERVICES,State,,https://ag.ok.gov/wp-content/uploads/2025/02/Forest-Action-Plan-2020.pdf
Oklahoma,,,,OKLAHOMA State Energy & Environment Plan 2021,State,,https://ee.ok.gov/wp-content/uploads/2021/09/FUL-FEP_Final-Draft6-1.pdf
Oklahoma,,,,State of Oklahoma Disaster Recovery Program Action Plan,State,,https://www.okcommerce.gov/wp-content/uploads/CDBG-DR-Action-Plan-93.7-Million.pdf
Oklahoma,,,,Southwest Watershed Planning Region Report,State,,https://oklahoma.gov/content/dam/ok/en/owrb/documents/water-planning/ocwp/southwest-planning-region-report.pdf
Oklahoma,,,,Oklahoma’s Action Plan for Disaster Recovery Substantial Amendment #1,State,,https://www.okcommerce.gov/wp-content/uploads/CDBG-DR-2022-Action-Plan-SA1.pdf
Oklahoma,,,,Regional Approach to Reducing Impacts of Climate Change,State,Climate,https://digitalprairie.ok.gov/digital/api/collection/stgovpub/id/684969/download
Oklahoma,"Cleveland, Pottawatomie","Shawnee City, Norman City",Absentee Shawnee Tribe of Indians of Oklahoma,DOE Energy Efficiency Retrofit Project,Tribe,Energy,https://www.energy.gov/nepa/articles/cx-002652-categorical-exclusion-determination
Oklahoma,,,,Environmental Health & Engineering Programs,Tribe,Environmental Programs,https://www.astribe.com/environmental-health
Oklahoma,,,,Executive Order 2024-03: Environmental and Climate Goals (Earth Day),Tribe,Climate / Environmental Policy,https://cherokee.org/media/q1cj2nyb/eo-2024-03-earthday.pdf
Oklahoma,,,Choctaw Nation,Priority Climate Action Plan (PCAP),Tribe,Climate / GHG Reduction / Strategic Planning,https://www.choctawnation.com/wp-content/uploads/2025/05/priority-climate-action-plan.pdf
Oklahoma,"Canadian, Oklahoma, Pottawatomie",Shawnee City,Citizen Potawatomi Nation,Adaptation is Key for Tribes’ Future in a Warmer Great Plains (Tribal Climate Adaptation Article),Tribe,Climate Adaptation / Environment Resilience,https://www.potawatomi.org/blog/2019/01/16/adaptation-is-key-for-tribes-future-in-a-warmer-great-plains/
Oklahoma,Comanche,Lawton City,Comanche Nation of Oklahoma,Resolution 159-2025 to Adopt Guidelines for Environmental Program CNG Funding,Tribe,Environmental Programs / Policy Guidelines,https://www.comanchenation.com/sites/default/files/fileattachments/health_amp_wellness/page/6611/159-2025_cbc_resolution_to_adopt_guidelines_for_environmental_program_cng_funding.pdf
Oklahoma,,,Delaware Tribe of Indians,Delaware Tribe of Indians Climate Adaptation Plan,Tribe,Climate Adaptation,https://delawaretribe.org/wp-content/uploads/Climate-Adaptation-Plan-and-Vulnerability-Assessment-01-2026.pdf
Oklahoma,"Pottawatomie, Lincoln, Oklahoma",McLoud City,Kickapoo Tribe,KICKAPOO TRIBE OF OKLAHOMA PRIORITY CLIMATE ACTION PLAN,Tribe,Climate Adaptation / GHG Reduction / Strategic Planning,https://static1.squarespace.com/static/60537f312b9e3a557fca2b4f/t/67b8b18851204d72c738da15/1740157324753/25-01-16_KTO_PCAP_Final.pdf
Oklahoma,,,"Kiowa Tribe, Delaware Nation, Apache Tribe, Caddo Nation, Comanche Nation, Cheyenne & Arapaho Tribes",Western Oklahoma Native Nations‘ Priority Climate Action Plan,Tribe,Climate Adaptation,https://www.epa.gov/system/files/documents/2024-04/kiowa-tribe-pcap-5d-02f41701-0.pdf
Oklahoma,Creek,Okmulgee City,Muscogee (Creek) Nation,MUSCOGEE (CREEK) NATION PRIORITY CLIMATE ACTION PLAN ,Tribe,Climate Adaptation,https://www.epa.gov/system/files/documents/2024-04/muscogee-creek-nation-pcap.pdf
Oklahoma,,,,2021 Muscogee Nation Hazard Mitigation Plan Update,Tribe,Hazard Mitigation Plan,https://www.muscogeenation.com/wp-content/uploads/2023/05/20230531-Hazard-Mitigation-Plan.pdf
Oklahoma,Osage,Pawhuska City,Osage Nation,Osage Nation Campus Master Plan – Phase I Development,Tribe,Climate Adaptation,"https://www.osagenation-nsn.gov/media/94/download?attachment#:~:text=Because%20the%20temperature%20stays%20so,temperatures%20comfortable%20throughout%20the%20building.&text=The%20strategies%20used%20for%20Phase,is%20what%20makes%20it%20Osage."
Oklahoma,,,,Orphaned Wells Environmental Hazard Cleaning Program,Tribe,Environmental / Pollution Remediation / Climate-Relevant,"https://www.osagenation-nsn.gov/news-events/news/osage-nation-continues-cleaning-environmental-hazards-caused-orphaned-wells#:~:text=The%20program's%20goals%20include:%20*%20Stopping%20pollution,reservation%2C%20including%20over%201%2C600%20documented%20orphaned%20wells."
Oklahoma,Seminole,Wewoka City,Seminole Nation of Oklahoma,Seminole Nation of Oklahoma Climate Change Tribal Resolution (TR 2015-79),Tribe,Climate Adaptation,https://www.iitc.org/wp-content/uploads/Seminole-Nation-Resolution_web.pdf
Oklahoma,Kay,Kaw City,Kaw Nation,Kaw Nation 2022 Tribal Hazard Mitigation Plan,Tribe,Hazard Mitigation Plan,https://incog.org/Community_Economic_Development/Documents/Creek_County_MHMP_Draft.pdf
Oklahoma,Caddo,Anadarko City,"Wichita and Affiliated Tribes (Wichita, Keechi, Waco & Tawakonie)",Wichita Climate Action & Adaptation Plan (Draft),Tribe,Climate Adaptation & Mitigation,https://www.wichita.gov/DocumentCenter/View/29744/Wichita-Climate-Action-Plan-918-Public-Draft-PDF
Oklahoma,,,Chickasaw Nation,USGS story: Chickasaw and Choctaw Tribes Cope with Multiyear Drought,Federal-Tribal Collab,Climate / Drought Adaptation & Water Resource Resilience,https://www.usgs.gov/news/chickasaw-and-choctaw-tribes-cope-multiyear-drought
Oklahoma,,,,Citizen Potawatomi Nation Climate Change Vulnerability Assessment (2016),Federal-Tribal Collab,Climate Adaptation / Vulnerability Assessment,https://www.sciencebase.gov/catalog/item/5a7c87c7e4b00f54eb231aaf
Oklahoma,Pawnee,Pawnee City,Pawnee Nation of Oklahoma,USDA Invests in Pawnee Nation ,Federal-Tribal Collab,Climate / Renewable Energy Deployment & Grant,https://pawneenation.org/wp-content/uploads/2023/04/USDA-Invests-in-Pawnee-Nation.pdf
Oklahoma,,,,Oklahoma Climate Adaptation Planning Kick-Off Meeting Summary Report (SCIPP / OCS),Federal-Tribal Collab,Climate Adaptation,https://www.southernclimate.org/wp-content/uploads/Climate_Adaptation_Meeting_Summary_Report.pdf
Oklahoma,,,,South Central Climate Adaptation Science Center Tribal Engagement Program Evaluation Report,Federal-Tribal Collab,Climate Adaptation,https://southcentralclimate.org/wp-content/uploads/2024/03/EvaluationReport_SouthCentralCASC-TribalEngagement_Feb2024.pdf
Oklahoma,"Lincoln, Payne, Pottawatomie",Stroud City,Sac & Fox Nation of Oklahoma,Department of the Interior Tribal Electrification Program,Federal-Tribal Collab,Energy / Clean Energy Infrastructure / Climate & Electrification,https://www.sacandfoxnation-nsn.gov/wp-content/uploads/2023/08/september-web-final-1.pdf
Oklahoma,,Altus City,,U. S. AIR FORCE INTEGRATED NATURAL RESOURCES MANAGEMENT PLAN,City,,https://www.altus.af.mil/Portals/46/2021%20Altus%20AFB%20INRMP_1.pdf
Oklahoma,,Ardmore City,,Hazard Mitigation Plan 2016-2021,City,,https://ardmorecity.org/DocumentCenter/View/718/Hazard-Mitigation-Plan-2016-2021?bidId=
Oklahoma,,Bartlesville City,, Bartlesville Endeavor 2045 Comprehensive Plan,City,,https://www.cityofbartlesville.org/wp-content/uploads/2024/11/REDUCED-FILE-SIZE-No-Appendices-Pages_Bartlesville_Endeavor_2045_Adopted.pdf
Oklahoma,,Broken Arrow City,,Rain Gardens: A how-to Manual for Homeowners,City,,https://www.brokenarrowok.gov/home/showpublisheddocument/3008/637317841696270000
Oklahoma,,Broken Arrow City,,City of Broken Arrow Living Green Program Low Impact Development Recommended Practices for Certification Manual,City,,https://www.brokenarrowok.gov/home/showpublisheddocument/2932/637257591167830000
Oklahoma,,Broken Arrow City,,"City of Broken Arrow Energy Master Plan September 8th, 2011",City,,https://www.brokenarrowok.gov/home/showpublisheddocument/2924/637257591149370000
Oklahoma,,Claremore City,,City of Claremore Comprehensive Plan,City,,https://claremore.com/wp-content/uploads/2022/08/Claremore-The-Future-City-ADOPTED_20190318_201905281124564362-1.pdf
Oklahoma,,Del City,,2024-2044 Comprehensive Plan for the City of Del City.,City,,https://drive.google.com/file/d/1viYIW-p1twuy9hgLjaQqxVJrlV29znSK/view
Oklahoma,,Duncan City,,Environment Goal and Work Plan Priorities,City,,https://www.duncanok.gov/DocumentCenter/View/1161/11-Environment
Oklahoma,,Lawton City,,Emergency Action Plan (EAP) Dolese Detention Basin,City,,https://www.lawtonok.gov/DocumentCenter/View/592/Dolese-Stormwater-Detention-Basin-Emergency-Action-Plan-PDF
Oklahoma,,McAlester City,,McAlester Multi-Jurisdictional Multi-Hazard Mitigation Plan 2010,City,,https://cms8.revize.com/revize/mcalesterok/fire/1.pdf
Oklahoma,,Moore City,,Hazard Mitigation Plan,City,,https://www.cityofmoore.com/departments/emergency-management/hazard-mitigation-plan
Oklahoma,,Oklahoma City,,PRIORITY CLIMATE ACTION PLAN Oklahoma City Metropolitan Statistical Area,City,Climate Change,https://www.epa.gov/system/files/documents/2024-03/5d-02f47301-0-acog-association-of-central-oklahoma-governments-pcap.pdf
Oklahoma,,Sand Springs City,,Sand Springs Emergency Operations Plan (EOP 2019,City,,https://www.sandspringsok.gov/DocumentCenter/View/930/EOP2019?bidId=
Oklahoma,,Shawnee City,,"Shawnee Plan – Shawnee, Oklahoma Comprehensive Plan (Adopted October 2019)",City,,https://cms7files.revize.com/shawneeok/2019_10%20Shawnee%20Plan_Web.pdf
Oklahoma,,Stillwater City,,Envision_Stillwater_2045,City,,https://s3-us-west-2.amazonaws.com/mysocialpinpoint/uploads/redactor_assets/documents/ec9f39a60534a0a67d61c385dd665f3a2616a9ad3845ab81fc3c46984043fd0d/97376/DRAFT_Envision_Stillwater_2045_-_Revised_Publication_Edition_Compressed.pdf
Oklahoma,,Tahlequah City,,MY TAHLEQUAH 2040 COMPREHENSIVE PLAN,City,,https://s3-us-west-2.amazonaws.com/mysocialpinpoint/uploads/redactor_assets/documents/ec9f39a60534a0a67d61c385dd665f3a2616a9ad3845ab81fc3c46984043fd0d/97376/DRAFT_Envision_Stillwater_2045_-_Revised_Publication_Edition_Compressed.pdf
Oklahoma,,Tulsa City,,TULSA METROPOLITAN AREA CLIMATE POLLUTION REDUCTION GRANT PRIORITY CLIMATE ACTION PLAN,City,Climate Change,https://www.incog.org/Environmental_Planning/Documents/Tulsa%20MSA-PCAP.pdf
Oklahoma,,Tulsa City,,City of Tulsa Sustainability Plan,City,,https://uccrnna.org/wp-
Oklahoma,,Tulsa City,,MULTI-HAZARD MITIGATION PLAN,City,,https://www.cityoftulsa.org/media/26942/2024-hazard-mitigation-plan-final-with-resolutions.pdf
Oklahoma,Adair,,,Increasing Connectivity and Enhancing Economic Well-Being (ICEE) Project,County,,https://static1.squarespace.com/static/65e1fccc88437f3091f3713a/t/65fa04db84964727f5a912d4/1710884059994/Application+Narrative.pdf
Oklahoma,Adair,,,"Adair Municipal Authority Receives $99,500 Grant for Wastewater System Improvements from the OWRB",County,,https://oklahoma.gov/owrb/news-and-events/press-releases/2025/adair-municipal-authority-receives-99500-grant-for-wastewater-system-improvements-from-the-owrb.html
Oklahoma,Adair,,,Flood Control Dams in Adair County,County,,https://conservation.ok.gov/wp-content/uploads/2021/07/Adair.pdf
Oklahoma,Atoka,,,Flood Control Dams in Atoka County,County,,https://conservation.ok.gov/wp-content/uploads/2021/07/Atoka.pdf
Oklahoma,Beaver,,,CLIMATE RESILIENCE EXPRESS ACTION PLAN,County,,https://www.epa.gov/system/files/documents/2023-12/beaver-county-climate-resilience-express-action-plan.pdf
Oklahoma,Beaver,,,BEAVER COUNTY 2022-2027 HAZARD MITIGATION PLAN UPDATE,County,,https://www.oeda.org/wp-content/uploads/2022/01/Beaver-County-Hazard-Mitigation-Plan.pdf
Oklahoma,Beckham,,,Flood Control Dams in Beckham County,County,,https://conservation.ok.gov/wp-content/uploads/2021/07/Beckham.pdf
Oklahoma,Bryan,,,Flood Control Dams in Bryan County,County,,https://conservation.ok.gov/wp-content/uploads/2021/07/Bryan.pdf
Oklahoma,Caddo,,,"Natural hazard mitigation plan, Caddo County, Oklahoma",County,,https://digitalprairie.ok.gov/digital/collection/stgovpub/id/13706/
Oklahoma,Canadian,,,Hazard plan,County,,https://www.canadiancounty.org/889/Hazard-Mitigation-Plan
Oklahoma,Carter,,,Hazard plan,County,,http://www.cartercountyema.org/original/files/Carter_County_2018_HMP_Public.pdf
Oklahoma,Cherokee,,,CHEROKEE COUNTY Restoration Plan/Environmental Assessment ,County,,https://www.doi.gov/sites/doi.gov/files/migrated/restoration/news/upload/Tri-State_Mining_RP-Cherokee_County_12-2008.pdf
Oklahoma,Cleveland,,,Cleveland County Hazard Mitigation Plan 2020 to 2025,County,,https://www.normanok.gov/sites/default/files/documents/2020-07/Cleveland%20Co.%20HazMit%20FINAL%2005272020red.pdf
Oklahoma,Coal,,,Flood Control Dams in Coal County,County,,https://conservation.ok.gov/wp-content/uploads/2021/07/Coal.pdf
Oklahoma,Cotton,,,hazard migitation plan,County,,https://digitalprairie.ok.gov/digital/collection/stgovpub/id/10673/
Oklahoma,Craig,,,flood control dam,County,,https://conservation.ok.gov/wp-content/uploads/2021/07/Craig.pdf
Oklahoma,Creek,,,Hazard Mitigation Plan,County,,https://incog.org/Community_Economic_Development/Documents/Creek_County_MHMP_Draft.pdf
Oklahoma,Custer,,,flood control dam,County,,https://conservation.ok.gov/wp-content/uploads/2021/07/Custer.pdf
Oklahoma,Delaware,,,flood control dam,County,,https://conservation.ok.gov/wp-content/uploads/2021/07/Delaware.pdf
Oklahoma,Dewey,,,flood control dam,County,,https://conservation.ok.gov/wp-content/uploads/2024/10/Dewey-County-Flood-Control-Dams-2017.pdf
Oklahoma,Garfield,,,flood control dam,County,,https://conservation.ok.gov/wp-content/uploads/2021/07/Garfield.pdf
Oklahoma,Garvin,,,flood control dam,County,,https://conservation.ok.gov/wp-content/uploads/2021/07/Garvin.pdf
Oklahoma,Grady,,,flood control dam,County,,https://conservation.ok.gov/wp-content/uploads/2021/07/Grady.pdf
Oklahoma,Grant,,,adoption of Grant County Hazard Mitigation Pla,County,,https://grant.okcounties.org/media/view/2023-60_1232.pdf
Oklahoma,Harmon,,,flood control dam,County,,https://conservation.ok.gov/wp-content/uploads/2021/07/Harmon.pdf
Oklahoma,Harper,,,2020 Hazard Mitigation Plan Update,County,,https://www.oeda.org/wp-content/uploads/2020/12/HARPER-CO-HMPU-FINAL.pdf
Oklahoma,Haskell,,,Environmental Assessment for the 2023 Eufaula Lake Supplement to the 2013 Shoreline Management Plan ,County,,https://www.swt.usace.army.mil/Portals/41/EufaulaDraftEAtoSMPSupplement.pdf
Oklahoma,Hughes,,,Flood Control Dams in Hughes County,County,,https://conservation.ok.gov/wp-content/uploads/2021/07/Hughes.pdf
Oklahoma,Jackson,,,Jackson Hazard plan,County,,https://cms9files1.revize.com/jacksoncountyok/2024-2029%20Jackson%20County%20HMP%20FINAL.pdf
Oklahoma,Jefferson,,,Jefferson Hazard plan,County,,https://digitalprairie.ok.gov/digital/collection/stgovpub/id/13705/
Oklahoma,Kay,,,Kaw Lake Master Plan,County,,https://www.swt.usace.army.mil/Portals/41/Kaw_Draft_MasterPlan_08DEC2025.pdf
Oklahoma,Kiowa,,,flood control dam,County,,https://conservation.ok.gov/wp-content/uploads/2021/07/Kiowa.pdf
Oklahoma,Latimer,,,Environmental Assessment for the 2023 Eufaula Lake Supplement to the 2013 Shoreline Management Plan ,County,,https://www.swt.usace.army.mil/Portals/41/EufaulaDraftEAtoSMPSupplement.pdf
Oklahoma,Le Flore,,,flood control dam,County,,https://conservation.ok.gov/wp-content/uploads/2021/07/LeFlore.pdf
Oklahoma,Logan,,,Logan County Hazard Mitigation Plan,County,,https://logancountynd.com/image3/files/60a4c07d351ec85298a81a760509f5633db7f0ad.pdf
Oklahoma,Love,,,flood control dam,County,,https://conservation.ok.gov/wp-content/uploads/2021/07/Love.pdf
Oklahoma,Major,,,flood control dam,County,,https://conservation.ok.gov/wp-content/uploads/2021/07/Major.pdf
Oklahoma,Mayes,,,flood control dam,County,,https://conservation.ok.gov/wp-content/uploads/2021/07/Mayes.pdf
Oklahoma,McClain,,,Hazard Mitigation Plan,County,,https://mcclain-co-ok.us/wp-content/uploads/2024/09/McClain-County-Hazard-Mitigation-Plan-2021.pdf
Oklahoma,McCurtain,,,flood control dam,County,,https://conservation.ok.gov/wp-content/uploads/2021/07/McCurtain.pdf
Oklahoma,McIntosh,,,Environmental Assessment for the 2023 Eufaula Lake Supplement to the 2013 Shoreline Management Plan ,County,,https://www.swt.usace.army.mil/Portals/41/EufaulaDraftEAtoSMPSupplement.pdf
Oklahoma,Murray,,,Murray County All Hazard Mitigation Plan,County,,https://www.swrdc.org/wp-content/uploads/2014/07/Murray-County-AHMP.pdf
Oklahoma,Muskogee,,,Environmental Assessment for the 2023 Eufaula Lake Supplement to the 2013 Shoreline Management Plan ,County,,https://www.swt.usace.army.mil/Portals/41/EufaulaDraftEAtoSMPSupplement.pdf
Oklahoma,Noble,,,flood control dam,County,,https://conservation.ok.gov/wp-content/uploads/2021/07/Noble.pdf
Oklahoma,Nowata,,,flood control dam,County,,https://conservation.ok.gov/wp-content/uploads/2021/07/Nowata.pdf
Oklahoma,Oklahoma,,,Oklahoma County Hazard Mitigation Plan 2024 Update,County,,https://www.oklahomacounty.org/Portals/0/Images/Emergency%20Management/OK%20CO%20HMP%202024%20Web.pdf?ver=QYVjez-PWbr-0g73bMBaKg%3D%3D
Oklahoma,Okmulgee,,,Environmental Assessment for the 2023 Eufaula Lake Supplement to the 2013 Shoreline Management Plan,County,,https://www.swt.usace.army.mil/Portals/41/EufaulaDraftEAtoSMPSupplement.pdf
Oklahoma,Osage,,,Kaw Lake Master Plan,County,,https://www.swt.usace.army.mil/Portals/41/Kaw_Draft_MasterPlan_08DEC2025.pdf
Oklahoma,Osage,,,FINAL ENVIRONMENTAL ASSESSMENT ,County,,https://www.bia.gov/sites/default/files/dup/assets/public/pdf/idc1-030671.pdf
Oklahoma,Osage,,,Osage County Hazard Mitigation Plan,County,,https://www.meramecregion.org/wp-content/uploads/2018/03/Osage-HMP-Draft-2018-web.pdf
Oklahoma,Ottawa,,,"The Climate of Miami, Oklahoma",County,,https://www.southernclimate.org/wp-content/uploads/Climate_Miami.pdf
Oklahoma,Payne,,,Payne County Hazard Mitigation Plan,County,,https://www.dropbox.com/scl/fi/6sjvuknw46pb1ulkk0sp4/Payne-County-HMAP-Update-Public-Copy-November-2025.pdf?rlkey=lgy2ab78no5qaayx1qhc5mik3&e=1&st=c4wkjs8j&dl=0
Oklahoma,Pittsburg,,,Pittsburg County Hazard Mitigation Plan,County,,https://pittsburg.okcounties.org/file/2022-03-07.2_1623.pdf
Oklahoma,Pontotoc,,,Multi-Jurisdictional Multi-Hazard Mitigation Plan,County,,https://adaok.com/files/HazardMitigationPlan.pdf
Oklahoma,Roger Mills,,,flood control dam,County,,https://conservation.ok.gov/wp-content/uploads/2021/07/Roger-Mills.pdf
Oklahoma,Rogers,,,"ROGERS COUNTY, OKLAHOMA FLOOD DAMAGE PREVENTION ORDINANCE ""DECLARING AN EMERGENCY""",County,,https://www.rogerscounty.org/DocumentCenter/View/217/Flood-Damage-Prevention-Ordinance-PDF
Oklahoma,Seminole,,,EMINOLE COUNTY FLOOD DAMAGE PREVENTION ORDINANCES,County,,https://seminolecountyok.com/docs/uploads/SEMINOLE%20COUNTY%20FLOOD%20DAMAGE%20PREVENTION%20ORDINANCES%20AND%20PERMIT%20APPLICATION.pdf
Oklahoma,Seminole,,,flood control dam,County,,https://conservation.ok.gov/wp-content/uploads/2021/07/Seminole.pdf
Oklahoma,Stephens,,,flood control dam,County,,https://conservation.ok.gov/wp-content/uploads/2021/07/Stephens.pdf
Oklahoma,Tillman,,,"Natural hazard mitigation plan, Tillman County, Oklahoma",County,,https://digitalprairie.ok.gov/digital/collection/stgovpub/id/10622/
Oklahoma,Tulsa,,,TULSA METROPOLITAN AREA CLIMATE POLLUTION REDUCTION GRANT PRIORITY CLIMATE ACTION PLAN,County,,https://www.incog.org/Environmental_Planning/Documents/Tulsa%20MSA-PCAP.pdf
Oklahoma,Wagoner,,,PERSICA SOLAR PROJECT,County,,https://wagonercounty.ok.gov/DocumentCenter/View/4407/Persica-Solar-CUP-Responses
Oklahoma,Washita,,,Washita County Multi-Jurisdictional Hazard Mitigation Plan Update,County,,https://cityofcordell.com/documents/145/Washita_County_Updated_Plan__wecompress.com_.pdf